0.0050,-0.0035,0.0000,0.0000
0.0100,-0.0075,0.0000,0.0000
0.0150,0.0225,0.0000,0.0000
0.0200,0.0055,0.0000,0.0000
0.0250,0.0245,0.0000,0.0000
0.0300,0.0273,0.0000,0.0000
0.0350,-0.0168,0.0000,0.0000
0.0400,0.0002,0.0000,0.0000
0.0450,0.0093,0.0000,0.0000
0.0500,-0.0014,0.0000,0.0000
0.0550,0.0343,0.0000,0.0000
0.0600,-0.0150,1.8068,0.0548
0.0650,0.0218,2.6132,0.0548
0.0700,-0.0049,1.4354,0.0548
0.0750,-0.0186,1.1195,0.0548
0.0800,0.0282,0.8731,0.0548
0.0850,-0.0282,2.4892,0.1096
0.0900,0.0090,3.1469,0.1096
0.0950,0.0342,1.8516,0.1096
0.1000,0.0130,1.4441,0.1096
0.1050,0.0306,2.9346,0.1643
0.1100,-0.0005,3.4943,0.1643
0.1150,0.0058,2.1225,0.1643
0.1200,-0.0196,1.6554,0.1643
0.1250,-0.0099,1.2911,0.1643
0.1300,-0.0013,1.9111,0.2191
0.1350,-0.0243,2.9974,0.2191
0.1400,-0.0270,2.6391,0.2191
0.1450,-0.0058,1.7570,0.2191
0.1500,-0.0256,2.2744,0.2739
0.1550,-0.0186,2.3766,0.2739
0.1600,-0.0106,2.4564,0.2739
0.1650,0.0039,2.5185,0.2739
0.1700,0.0041,1.6629,0.2739
0.1750,-0.0043,2.2003,0.3287
0.1800,-0.0280,3.2223,0.3287
0.1850,0.0063,2.8145,0.3287
0.1900,-0.0011,1.8937,0.3287
0.1950,0.0107,2.3811,0.3834
0.2000,-0.0148,2.4601,0.3834
0.2050,0.0161,2.5217,0.3834
0.2100,0.0201,2.5695,0.3834
0.2150,-0.0127,2.6068,0.4382
0.2200,-0.0070,2.6361,0.4382
0.2250,0.0035,2.6589,0.4382
0.2300,-0.0310,3.5807,0.4930
0.2350,-0.0050,3.9982,0.4930
0.2400,0.0378,3.4199,0.4930
0.2450,-0.0324,3.2695,0.5478
0.2500,0.0178,4.0562,0.5478
0.2550,-0.0163,3.4649,0.5478
0.2600,-0.0183,3.3051,0.6026
0.2650,0.0253,3.1805,0.6026
0.2700,-0.0510,3.0833,0.6026
0.2750,0.0050,3.9116,0.6573
0.2800,0.0022,4.2563,0.6573
0.2850,0.0013,4.5251,0.7121
0.2901,0.0254,3.8309,0.7121
0.2951,-0.0202,3.5908,0.7121
0.3001,-0.0468,3.4033,0.7121
0.3051,0.0193,3.2564,0.7669
0.3101,-0.0524,3.1418,0.7669
0.3151,-0.0466,3.9572,0.8217
0.3201,0.0402,4.2919,0.8217
0.3251,-0.0713,3.6480,0.8217
0.3301,0.0704,4.3508,0.8764
0.3351,0.0684,3.6942,0.8764
0.3401,-0.0355,2.5799,0.8764
0.3451,0.0618,3.8204,0.9312
0.3501,0.0570,4.1851,0.9312
0.3551,-0.0933,2.6613,0.9312
0.3601,0.0484,3.8839,0.9860
0.3651,0.0226,4.2347,0.9860
0.3701,-0.0339,2.7000,0.9860
0.3751,0.0289,2.1058,0.9860
0.3801,-0.0038,1.6424,0.9860
0.3851,-0.0112,2.1843,1.0408
0.3901,0.0270,3.2098,1.0408
0.3951,-0.0163,2.8048,1.0408
0.4001,-0.0083,1.8861,1.0408
0.4051,0.0343,2.3752,1.0956
0.4101,-0.0099,2.4552,1.0956
0.4151,-0.0215,2.5177,1.0956
0.4201,0.0194,2.5663,1.0956
0.4251,-0.0006,2.6043,1.1503
0.4301,-0.0042,2.6339,1.1503
0.4351,0.0386,2.6570,1.1503
0.4401,0.0345,3.5792,1.2051
0.4451,0.0350,3.0929,1.2051
0.4501,-0.0210,3.0150,1.2051
0.4551,0.0235,3.8583,1.2599
0.4601,0.0375,3.3106,1.2599
0.4651,-0.0324,3.1848,1.2599
0.4701,0.0083,3.9903,1.3147
0.4751,-0.0631,3.4130,1.3147
0.4801,-0.0379,4.1688,1.3694
0.4851,0.0943,4.4574,1.3694
0.4901,-0.0807,2.8741,1.3694
0.4951,0.0374,4.0499,1.4242
0.5001,0.1032,4.3641,1.4242
0.5051,-0.0504,2.8009,1.4242
0.5101,0.0375,2.1845,1.4242
0.5151,0.0219,2.6079,1.4790
0.5201,-0.0504,3.5409,1.4790
0.5251,0.0054,3.0630,1.4790
0.5301,-0.0088,2.0875,1.4790
0.5351,0.0041,1.6281,1.4790
0.5401,-0.0050,2.1740,1.5338
0.5451,-0.0276,3.2024,1.5338
0.5501,-0.0038,2.7990,1.5338
0.5551,-0.0050,1.8817,1.5338
0.5601,-0.0268,2.3717,1.5886
0.5651,-0.0124,2.4525,1.5886
0.5701,0.0147,1.6114,1.5886
0.5751,0.0110,2.1609,1.5886
0.5801,0.0126,2.2881,1.5886
0.5851,0.0222,2.3873,1.6433
0.5901,0.0027,2.4649,1.6433
0.5951,-0.0001,1.6213,1.6433
0.6001,-0.0027,2.1686,1.6433
0.6051,0.0161,3.1983,1.6981
0.6101,0.0061,2.7958,1.6981
0.6151,-0.0035,1.8791,1.6981
0.6201,0.0293,2.3690,1.6981
0.6251,0.0055,3.3538,1.7529
0.6301,0.0221,2.9173,1.7529
0.6351,0.0046,1.9742,1.7529
0.6401,-0.0013,1.5397,1.7529
0.6451,0.0195,2.1050,1.7529
0.6501,-0.0096,3.1481,1.8077
0.6551,0.0123,2.7562,1.8077
0.6601,-0.0037,1.8483,1.8077
0.6651,0.0376,1.4415,1.8077
0.6701,-0.0194,2.9325,1.8624
0.6751,0.0274,3.4932,1.8624
0.6801,0.0190,2.1221,1.8624
0.6851,-0.0194,1.6551,1.8624
0.6901,0.0351,1.2909,1.8624
0.6951,-0.0183,1.9102,1.9172
0.7001,-0.0243,2.9960,1.9172
0.7051,-0.0025,2.6382,1.9172
0.7101,-0.0045,1.7565,1.9172
0.7151,0.0145,2.2741,1.9720
0.7201,-0.0144,2.3764,1.9720
0.7251,0.0234,2.4562,1.9720
0.7301,-0.0203,2.5184,1.9720
0.7351,-0.0070,1.6628,1.9720
0.7401,-0.0096,2.2010,2.0268
0.7451,0.0330,3.2235,2.0268
0.7501,0.0341,2.8157,2.0268
0.7551,0.0042,1.8949,2.0268
0.7601,0.0302,2.3820,2.0816
0.7651,-0.0280,2.4606,2.0816
0.7701,0.0380,2.5211,2.0816
0.7751,0.0147,2.5685,2.0816
0.7802,0.0245,2.6055,2.1363
0.7852,0.0054,3.5383,2.1363
0.7902,0.0198,3.0612,2.1363
0.7952,0.0129,2.9905,2.1911
0.8002,-0.0054,2.9352,2.1911
0.8052,-0.0220,2.8920,2.1911
0.8102,0.0041,3.7624,2.2459
0.8152,-0.0783,4.1399,2.2459
0.8202,0.0388,4.4339,2.3007
0.8252,0.0250,3.7590,2.3007
0.8302,-0.0745,2.6304,2.3007
0.8352,0.0266,3.8598,2.3554
0.8402,0.0326,4.2173,2.3554
0.8452,-0.0507,2.6879,2.3554
0.8502,0.0360,2.0963,2.3554
0.8552,0.0071,3.4433,2.4102
0.8602,-0.0548,3.8915,2.4102
0.8652,0.0029,2.4328,2.4102
0.8702,0.0159,2.8015,2.4650
0.8752,-0.0228,3.6919,2.4650
0.8802,-0.0090,3.1808,2.4650
0.8852,-0.0111,2.1794,2.4650
0.8902,-0.0142,1.6998,2.4650
0.8952,-0.0002,1.3257,2.4650
0.9002,-0.0206,1.9381,2.5198
0.9052,0.0311,2.1146,2.5198
0.9102,-0.0123,2.2515,2.5198
0.9152,0.0327,2.3580,2.5198
0.9202,-0.0114,2.4418,2.5746
0.9252,0.0298,2.5072,2.5746
0.9302,0.0362,1.6541,2.5746
0.9352,-0.0055,2.1942,2.5746
0.9402,0.0354,3.2182,2.6293
0.9452,-0.0027,2.8113,2.6293
0.9502,-0.0464,1.8913,2.6293
0.9552,0.0211,1.4750,2.6293
0.9602,-0.0184,2.9587,2.6841
0.9652,0.0289,3.5131,2.6841
0.9702,0.0037,2.1372,2.6841
0.9752,-0.0015,1.6668,2.6841
0.9802,0.0343,2.2034,2.7389
0.9852,-0.0073,3.2247,2.7389
0.9902,0.0286,2.8164,2.7389
0.9952,0.0364,1.8952,2.7389
1.0002,0.0349,1.4781,2.7389
1.0052,-0.0126,2.0570,2.7937
1.0102,-0.0078,3.1112,2.7937
1.0152,0.0291,2.7279,2.7937
1.0202,-0.0100,1.8262,2.7937
1.0252,-0.0063,1.4243,2.7937
1.0302,-0.0251,2.0142,2.8484
1.0352,-0.0264,2.1732,2.8484
1.0402,-0.0186,2.2972,2.8484
1.0452,-0.0215,2.3937,2.8484
1.0502,-0.0272,2.4697,2.9032
1.0552,-0.0283,2.5289,2.9032
1.0602,-0.0065,2.5751,2.9032
1.0652,0.0364,3.5153,2.9580
1.0702,-0.0045,3.0433,2.9580
1.0752,-0.0579,2.9766,2.9580
1.0802,0.0235,3.8284,3.0128
1.0852,-0.0174,3.2872,3.0128
1.0902,-0.0231,3.1665,3.0128
1.0952,0.0542,3.9761,3.0676
1.1002,-0.0058,3.4022,3.0676
1.1052,-0.0214,4.1606,3.1223
1.1102,0.0951,4.4505,3.1223
1.1152,-0.0500,2.8683,3.1223
1.1202,-0.0243,3.1412,3.1223
1.1252,0.0554,3.9563,3.1771
1.1302,-0.0609,3.3868,3.1771
1.1352,0.0249,2.3403,3.1771
1.1403,0.0114,1.8253,3.1771
1.1453,-0.0427,3.2318,3.2319
1.1503,0.0604,3.7266,3.2319
1.1553,0.0023,2.3042,3.2319
1.1603,-0.0176,1.7971,3.2319
1.1653,0.0253,2.3057,3.2867
1.1703,-0.0208,3.3052,3.2867
1.1753,0.0169,2.8792,3.2867
1.1803,0.0069,1.9442,3.2867
1.1853,-0.0272,2.4205,3.3414
1.1903,-0.0022,2.4905,3.3414
1.1953,0.0014,1.6411,3.3414
1.2003,0.0033,2.1841,3.3414
1.2053,0.0229,2.3062,3.3414
1.2103,0.0339,2.4014,3.3962
1.2153,0.0078,2.4757,3.3962
1.2203,-0.0110,1.6295,3.3962
1.2253,-0.0154,2.1743,3.3962
1.2303,0.0262,3.2014,3.4510
1.2353,-0.0057,2.7980,3.4510
1.2403,0.0262,1.8811,3.4510
1.2453,0.0346,2.3705,3.4510
1.2503,0.0222,3.3545,3.5058
1.2553,0.0223,2.9172,3.5058
1.2603,-0.0143,1.9738,3.5058
1.2653,-0.0031,1.5394,3.5058
1.2703,0.0102,2.1048,3.5058
1.2753,-0.0002,3.1484,3.5605
1.2803,-0.0263,2.7569,3.5605
1.2853,-0.0156,1.8488,3.5605
1.2903,-0.0087,1.4419,3.5605
1.2953,-0.0002,2.0287,3.6153
1.3003,-0.0204,3.0891,3.6153
1.3053,-0.0011,2.7107,3.6153
1.3103,-0.0014,1.8128,3.6153
1.3153,0.0231,1.4138,3.6153
1.3203,-0.0260,2.0068,3.6701
1.3253,0.0165,3.0716,3.6701
1.3303,0.0355,2.6967,3.6701
1.3353,-0.0115,1.8021,3.6701
1.3403,0.0143,2.3096,3.7249
1.3453,0.0021,2.4041,3.7249
1.3503,0.0071,1.5737,3.7249
1.3553,-0.0155,2.1307,3.7249
1.3603,0.0065,2.2639,3.7249
1.3653,0.0145,2.3677,3.7797
1.3703,-0.0088,2.4489,3.7797
1.3753,-0.0216,1.6088,3.7797
1.3803,-0.0066,2.1589,3.7797
1.3853,0.0035,3.1907,3.8344
1.3903,-0.0267,2.7899,3.8344
1.3953,-0.0286,2.7779,3.8344
1.4003,0.0054,2.7686,3.8344
1.4053,0.0259,2.7620,3.8892
1.4103,-0.0031,2.7569,3.8892
1.4153,0.0006,2.7530,3.8892
1.4203,0.0195,3.6535,3.9440
1.4253,-0.0146,3.1504,3.9440
1.4303,-0.0331,3.0598,3.9440
1.4353,0.0219,3.8928,3.9988
1.4403,-0.0536,3.3370,3.9988
1.4453,-0.0258,4.1095,4.0535
1.4503,0.0967,4.4106,4.0535
1.4553,-0.0396,2.8372,4.0535
1.4603,0.0462,4.0196,4.1083
1.4653,0.0643,4.3391,4.1083
1.4703,-0.0776,2.7814,4.1083
1.4753,0.0390,2.1693,4.1083
1.4803,0.0061,3.4987,4.1631
1.4853,-0.0154,3.9333,4.1631
1.4903,0.0317,2.4654,4.1631
1.4953,0.0314,1.9229,4.1631
1.5003,-0.0186,2.4038,4.2179
1.5053,-0.0067,2.4776,4.2179
1.5103,0.0203,2.5351,4.2179
1.5154,-0.0106,2.5802,4.2179
1.5204,-0.0263,1.7112,4.2179
1.5254,-0.0218,2.2387,4.2727
1.5304,-0.0119,2.3488,4.2727
1.5354,0.0163,1.5305,4.2727
1.5404,-0.0026,2.0978,4.2727
1.5454,0.0145,2.2389,4.2727
1.5504,0.0050,2.3489,4.3274
1.5554,-0.0041,2.4347,4.3274
1.5604,-0.0035,1.5975,4.3274
1.5654,-0.0150,2.1501,4.3274
1.5704,0.0122,3.1838,4.3822
1.5754,-0.0234,2.7845,4.3822
1.5804,0.0014,1.8703,4.3822
1.5854,0.0167,2.3621,4.3822
1.5904,-0.0039,3.3485,4.4370
1.5954,0.0187,2.9129,4.4370
1.6004,-0.0194,1.9705,4.4370
1.6054,-0.0019,1.5369,4.4370
1.6104,0.0039,3.0069,4.4918
1.6154,0.0317,3.5507,4.4918
1.6204,0.0007,2.1665,4.4918
1.6254,0.0113,1.6897,4.4918
1.6304,0.0270,2.2220,4.5465
1.6354,-0.0154,3.2394,4.5465
1.6404,0.0207,2.8276,4.5465
1.6454,-0.0160,1.9042,4.5465
1.6504,0.0062,1.4852,4.5465
1.6554,0.0299,1.1583,4.5465
1.6604,-0.0027,1.8075,4.6013
1.6654,0.0322,2.9161,4.6013
1.6704,-0.0263,2.5753,4.6013
1.6754,-0.0018,1.7071,4.6013
1.6804,-0.0115,2.2356,4.6561
1.6854,-0.0043,2.3466,4.6561
1.6904,0.0077,1.5290,4.6561
1.6954,-0.0174,2.0967,4.6561
1.7004,0.0206,2.2380,4.6561
1.7054,0.0131,2.3482,4.7109
1.7104,-0.0174,2.4342,4.7109
1.7154,0.0067,1.5971,4.7109
1.7204,-0.0235,2.1498,4.7109
1.7254,-0.0054,3.1836,4.7657
1.7304,-0.0014,2.7843,4.7657
1.7354,-0.0001,1.8702,4.7657
1.7404,-0.0175,2.3627,4.7657
1.7454,-0.0118,3.3496,4.8204
1.7504,0.0354,2.9139,4.8204
1.7554,0.0249,1.9712,4.8204
1.7604,-0.0167,2.4415,4.8204
1.7654,-0.0255,3.4111,4.8752
1.7704,0.0353,2.9618,4.8752
1.7754,-0.0168,2.0086,4.8752
1.7804,0.0235,1.5666,4.8752
1.7854,-0.0167,1.2218,4.8752
1.7904,-0.0078,2.7612,4.9300
1.7954,0.0086,3.3590,4.9300
1.8004,-0.0034,2.0171,4.9300
1.8054,-0.0275,1.5732,4.9300
1.8104,0.0339,1.2270,4.9300
1.8154,-0.0283,2.7652,4.9848
1.8204,0.0599,3.3622,4.9848
1.8254,-0.0003,2.0195,4.9848
1.8304,-0.0166,1.5750,4.9848
1.8354,0.0190,1.2284,4.9848
1.8404,-0.0074,2.7663,5.0395
1.8454,0.0370,3.3630,5.0395
1.8504,-0.0043,2.0202,5.0395
1.8554,-0.0171,1.5756,5.0395
1.8604,0.0025,2.1330,5.0943
1.8654,-0.0053,2.2663,5.0943
1.8704,0.0257,2.3696,5.0943
1.8754,0.0207,2.4501,5.0943
1.8804,0.0075,1.6096,5.0943
1.8854,0.0207,2.1595,5.1491
1.8904,0.0353,3.1911,5.1491
1.8954,-0.0142,2.7905,5.1491
1.9004,-0.0262,1.8752,5.1491
1.9054,-0.0288,2.3659,5.2039
1.9104,-0.0207,3.3514,5.2039
1.9154,0.0273,2.9152,5.2039
1.9204,0.0223,1.9723,5.2039
1.9254,0.0271,2.4424,5.2587
1.9304,0.0250,2.5079,5.2587
1.9354,-0.0134,1.6548,5.2587
1.9404,-0.0002,2.1948,5.2587
1.9454,-0.0287,2.3148,5.2587
1.9504,-0.0176,2.4076,5.3134
1.9554,-0.0175,2.4798,5.3134
1.9604,-0.0222,1.6327,5.3134
1.9654,-0.0015,2.1775,5.3134
1.9704,-0.0049,3.2047,5.3682
1.9754,-0.0278,2.8003,5.3682
1.9804,-0.0026,1.8827,5.3682
1.9854,0.0327,3.2766,5.4230
1.9904,0.0275,3.7615,5.4230
1.9954,0.0294,2.3314,5.4230
2.0004,0.0047,1.8183,5.4230
2.0054,-0.0234,2.3216,5.4230
2.0104,-0.0192,3.3168,5.4778
2.0154,0.0011,2.8885,5.4778
2.0204,-0.0252,1.9517,5.4778
2.0254,-0.0247,1.5222,5.4778
2.0304,-0.0584,1.1872,5.4778
2.0354,-0.0014,2.7342,5.5325
2.0404,0.0343,3.3380,5.5325
2.0454,-0.0336,2.0006,5.5325
2.0504,0.0384,1.5603,5.5325
2.0554,0.0173,2.1203,5.5873
2.0604,-0.0230,3.1594,5.5873
2.0655,0.0198,2.7652,5.5873
2.0705,-0.0139,1.8555,5.5873
2.0755,0.0027,1.4472,5.5873
2.0805,0.0391,2.0321,5.6421
2.0855,-0.0131,2.1871,5.6421
2.0905,0.0257,2.3088,5.6421
2.0955,-0.0567,2.4035,5.6421
2.1005,-0.0025,1.5731,5.6421
2.1055,0.0025,2.1311,5.6969
2.1105,0.0009,2.2648,5.6969
2.1155,-0.0167,2.3684,5.6969
2.1205,-0.0231,3.3534,5.7517
2.1255,0.0166,2.9168,5.7517
2.1305,0.0069,2.8776,5.7517
2.1355,0.0093,2.8471,5.7517
2.1405,0.0057,2.8233,5.8064
2.1455,-0.0470,2.8047,5.8064
2.1505,-0.0123,2.7902,5.8064
2.1555,0.0353,3.6826,5.8612
2.1605,-0.0404,4.0772,5.8612
2.1655,0.0426,4.3854,5.9160
2.1705,0.0247,3.7217,5.9160
2.1755,-0.0442,3.5054,5.9160
2.1805,0.0668,4.2404,5.9708
2.1855,0.0006,3.6081,5.9708
2.1905,0.0030,3.4161,5.9708
2.1955,0.0920,4.1704,6.0255
2.2005,0.0009,3.5540,6.0255
2.2055,-0.0182,3.3739,6.0255
2.2105,0.1085,4.1376,6.0803
2.2155,-0.0066,3.5284,6.0803
2.2205,-0.0240,4.2587,6.1351
2.2255,0.1149,4.5270,6.1351
2.2305,-0.0825,2.9280,6.1351
2.2355,-0.0223,3.1877,6.1899
2.2405,0.0731,3.9931,6.1899
2.2455,-0.0652,3.4159,6.1899
2.2505,0.0274,2.3630,6.1899
2.2555,0.0186,2.7471,6.2447
2.2605,-0.0010,2.7453,6.2447
2.2655,0.0239,2.7439,6.2447
2.2705,-0.0077,2.7428,6.2447
2.2755,0.0318,1.8378,6.2447
2.2805,0.0014,2.3375,6.2994
2.2855,-0.0071,2.4258,6.2994
2.2905,-0.0151,2.4940,6.2994
2.2955,0.0379,3.4508,6.3542
2.3005,-0.0263,2.9922,6.3542
2.3055,-0.0276,2.0323,6.3542
2.3105,-0.0172,2.4885,6.3542
2.3155,0.0143,3.4470,6.4090
2.3205,-0.0258,2.9898,6.4090
2.3255,0.0331,2.0304,6.4090
2.3305,0.0071,1.5836,6.4090
2.3355,-0.0262,3.0419,6.4638
2.3405,0.0145,3.5770,6.4638
2.3455,-0.0061,2.1876,6.4638
2.3505,-0.0543,1.7061,6.4638
2.3555,-0.0013,1.3307,6.4638
2.3605,-0.0005,2.8461,6.5185
2.3655,0.0274,3.4257,6.5185
2.3705,0.0341,2.0695,6.5185
2.3755,-0.0122,1.6141,6.5185
2.3805,0.0363,2.1630,6.5733
2.3855,0.0047,3.1934,6.5733
2.3905,0.0362,2.7917,6.5733
2.3955,-0.0001,1.8762,6.5733
2.4005,0.0031,1.4633,6.5733
2.4055,-0.0279,2.0447,6.6281
2.4105,-0.0092,2.1970,6.6281
2.4155,0.0137,1.4123,6.6281
2.4205,-0.0164,2.0057,6.6281
2.4255,0.0334,2.1673,6.6281
2.4305,-0.0062,2.2933,6.6829
2.4355,0.0031,2.3914,6.6829
2.4405,-0.0122,1.5638,6.6829
2.4455,-0.0013,2.1238,6.6829
2.4505,0.0142,3.1632,6.7377
2.4555,0.0257,2.7685,6.7377
2.4605,0.0201,1.8578,6.7377
2.4655,0.0273,2.3531,6.7377
2.4705,0.0315,3.3421,6.7924
2.4755,0.0191,2.9080,6.7924
2.4805,-0.0058,1.9666,6.7924
2.4855,0.0046,1.5338,6.7924
2.4905,-0.0196,3.0045,6.8472
2.4955,0.0245,3.5488,6.8472
2.5005,0.0011,2.1651,6.8472
2.5055,-0.0162,1.6886,6.8472
2.5105,-0.0047,1.3170,6.8472
2.5155,-0.0484,2.8354,6.9020
2.5205,0.0051,3.4169,6.9020
2.5255,-0.0009,2.0622,6.9020
2.5305,0.0041,1.6083,6.9020
2.5356,0.0154,2.1578,6.9568
2.5406,-0.0600,3.1890,6.9568
2.5456,0.0181,2.7886,6.9568
2.5506,-0.0128,1.8735,6.9568
2.5556,-0.0226,1.4612,6.9568
2.5606,0.0027,1.1396,6.9568
2.5656,-0.0172,1.7922,7.0115
2.5706,-0.0287,2.9039,7.0115
2.5756,-0.0057,2.5662,7.0115
2.5806,0.0386,1.7001,7.0115
2.5856,0.0061,1.3259,7.0115
2.5906,0.0038,1.9383,7.0663
2.5956,0.0077,3.0181,7.0663
2.6006,0.0165,2.6548,7.0663
2.6056,-0.0158,1.7691,7.0663
2.6106,0.0079,1.3798,7.0663
2.6156,-0.0256,1.9795,7.1211
2.6206,0.0305,3.0500,7.1211
2.6256,0.0117,2.6802,7.1211
2.6306,-0.0104,1.7889,7.1211
2.6356,0.0001,2.2986,7.1759
2.6406,-0.0300,2.3948,7.1759
2.6456,-0.0112,1.5664,7.1759
2.6506,-0.0124,2.1258,7.1759
2.6556,-0.0215,2.2607,7.1759
2.6606,0.0283,2.3659,7.2307
2.6656,-0.0009,2.4480,7.2307
2.6706,0.0350,1.6079,7.2307
2.6756,-0.0214,2.1574,7.2307
2.6806,0.0374,3.1888,7.2854
2.6856,-0.0143,2.7884,7.2854
2.6906,-0.0135,1.8734,7.2854
2.6956,-0.0025,2.3652,7.2854
2.7006,0.0359,3.3511,7.3402
2.7056,0.0290,2.9147,7.3402
2.7106,0.0362,1.9721,7.3402
2.7156,0.0150,1.5381,7.3402
2.7206,-0.0166,2.1037,7.3402
2.7256,0.0390,3.1476,7.3950
2.7306,0.0299,2.7563,7.3950
2.7356,-0.0178,1.8483,7.3950
2.7406,0.0214,1.4416,7.3950
2.7456,-0.0576,2.9326,7.4498
2.7506,0.0338,3.4927,7.4498
2.7556,-0.0191,2.1213,7.4498
2.7606,-0.0011,1.6545,7.4498
2.7656,0.0374,1.2904,7.4498
2.7706,-0.0067,2.8132,7.5045
2.7756,0.0297,3.3982,7.5045
2.7806,0.0191,2.0476,7.5045
2.7856,-0.0175,1.5969,7.5045
2.7906,-0.0255,2.1489,7.5593
2.7956,-0.0593,3.1822,7.5593
2.8006,0.0081,2.7832,7.5593
2.8056,-0.0087,1.8693,7.5593
2.8106,-0.0135,1.4579,7.5593
2.8156,-0.0031,1.1371,7.5593
2.8206,0.0039,1.7902,7.6141
2.8256,0.0262,2.9019,7.6141
2.8306,-0.0063,2.5642,7.6141
2.8356,0.0069,1.6985,7.6141
2.8406,0.0281,1.3247,7.6141
2.8456,-0.0147,2.8400,7.6689
2.8506,0.0227,3.4191,7.6689
2.8556,-0.0084,2.0639,7.6689
2.8606,-0.0009,1.6096,7.6689
2.8656,0.0383,2.1595,7.7237
2.8706,-0.0371,2.2873,7.7237
2.8756,0.0082,2.3869,7.7237
2.8806,0.0189,2.4643,7.7237
2.8856,-0.0030,1.6206,7.7237
2.8906,-0.0131,2.1681,7.7784
2.8956,0.0025,3.1978,7.7784
2.9006,-0.0126,2.7954,7.7784
2.9056,-0.0287,1.8788,7.7784
2.9107,0.0042,2.3688,7.8332
2.9157,-0.0002,3.3536,7.8332
2.9207,0.0253,2.9169,7.8332
2.9257,-0.0088,1.9736,7.8332
2.9307,0.0006,2.4434,7.8880
2.9357,-0.0086,2.5084,7.8880
2.9407,0.0311,1.6550,7.8880
2.9457,-0.0090,2.1949,7.8880
2.9507,0.0053,2.3147,7.8880
2.9557,-0.0029,2.4080,7.9428
2.9607,-0.0176,2.4810,7.9428
2.9657,0.0006,2.5380,7.9428
2.9707,-0.0258,2.5822,7.9428
2.9757,-0.0275,2.6167,7.9975
2.9807,-0.0046,3.5477,7.9975
2.9857,0.0117,3.9719,8.0523
2.9907,0.0607,3.3987,8.0523
2.9957,-0.0120,2.3494,8.0523
3.0007,-0.0138,2.7357,8.0523
3.0057,-0.0119,3.6399,8.1071
3.0107,-0.0471,3.1405,8.1071
3.0157,0.0295,3.0516,8.1071
3.0207,0.0339,3.8862,8.1619
3.0257,-0.0521,3.3323,8.1619
3.0307,-0.0164,2.2976,8.1619
3.0357,-0.0138,3.6002,8.2167
3.0407,0.0061,4.0134,8.2167
3.0457,-0.0082,2.5274,8.2167
3.0507,0.0041,1.9712,8.2167
3.0557,0.0157,2.4415,8.2714
3.0607,-0.0128,3.4111,8.2714
3.0657,0.0153,2.9617,8.2714
3.0707,-0.0099,2.0086,8.2714
3.0757,0.0357,2.4707,8.3262
3.0807,-0.0214,2.5297,8.3262
3.0857,-0.0118,2.5757,8.3262
3.0907,0.0187,2.6117,8.3262
3.0957,-0.0128,1.7355,8.3262
3.1007,-0.0255,2.2570,8.3810
3.1057,0.0021,3.2665,8.3810
3.1107,-0.0042,2.8492,8.3810
3.1157,-0.0065,2.8252,8.4358
3.1207,0.0271,2.8064,8.4358
3.1257,0.0143,2.7918,8.4358
3.1307,0.0455,2.7801,8.4358
3.1357,0.0225,2.7703,8.4905
3.1407,0.0086,3.6668,8.4905
3.1457,0.0269,4.0649,8.5453
3.1507,-0.0178,3.4715,8.5453
3.1557,-0.0303,3.3105,8.5453
3.1607,-0.0279,4.0883,8.6001
3.1657,0.0376,3.4895,8.6001
3.1707,-0.0615,2.4201,8.6001
3.1757,0.0305,3.6944,8.6549
3.1807,0.0218,4.0854,8.6549
3.1857,-0.0664,2.5836,8.6549
3.1907,0.0157,3.8233,8.7097
3.1957,0.0305,4.1874,8.7097
3.2007,-0.0270,2.6631,8.7097
3.2057,0.0674,2.0770,8.7097
3.2107,-0.0055,2.5240,8.7644
3.2157,0.0037,3.4754,8.7644
3.2207,0.0206,3.0120,8.7644
3.2257,-0.0548,2.0477,8.7644
3.2307,0.0186,1.5971,8.7644
3.2357,0.0011,2.1497,8.8192
3.2407,-0.0047,2.2796,8.8192
3.2457,0.0130,2.3809,8.8192
3.2507,-0.0094,2.4597,8.8192
3.2557,0.0161,1.6170,8.8192
3.2607,-0.0042,2.1653,8.8740
3.2657,-0.0041,2.2916,8.8740
3.2707,-0.0154,1.4859,8.8740
3.2757,-0.0162,2.0630,8.8740
3.2807,0.0250,3.1159,8.9288
3.2857,0.0325,2.7315,8.9288
3.2907,-0.0151,1.8290,8.9288
3.2957,0.0053,1.4265,8.9288
3.3007,0.0005,2.0167,8.9288
3.3057,0.0167,3.0797,8.9835
3.3107,-0.0267,2.7036,8.9835
3.3157,-0.0135,1.8075,8.9835
3.3207,0.0295,1.4097,8.9835
3.3257,-0.0103,2.0036,9.0383
3.3307,-0.0100,3.0695,9.0383
3.3357,0.0102,2.6954,9.0383
3.3407,-0.0103,1.8008,9.0383
3.3457,0.0167,1.4045,9.0383
3.3507,-0.0011,1.9995,9.0931
3.3557,0.0045,3.0664,9.0931
3.3607,0.0263,2.6930,9.0931
3.3657,-0.0057,1.7989,9.0931
3.3707,0.0207,1.4031,9.0931
3.3757,-0.0147,1.9984,9.1479
3.3807,-0.0055,2.1614,9.1479
3.3857,0.0359,2.2885,9.1479
3.3907,0.0382,2.3876,9.1479
3.3957,0.0126,2.4649,9.2027
3.4007,-0.0039,2.5252,9.2027
3.4057,-0.0310,2.5722,9.2027
3.4107,0.0301,3.5130,9.2574
3.4157,-0.0479,3.0413,9.2574
3.4207,-0.0287,2.9740,9.2574
3.4258,-0.0208,3.8252,9.3122
3.4308,-0.0307,3.2843,9.3122
3.4358,-0.0045,4.0684,9.3670
3.4408,0.0554,4.3790,9.3670
3.4458,-0.0627,2.8131,9.3670
3.4508,0.0503,4.0023,9.4218
3.4558,0.0636,4.3275,9.4218
3.4608,-0.0398,2.7729,9.4218
3.4658,0.0251,2.1626,9.4218
3.4708,0.0130,3.4950,9.4765
3.4758,-0.0535,3.9318,9.4765
3.4808,0.0349,2.4642,9.4765
3.4858,-0.0007,1.9219,9.4765
3.4908,0.0029,1.4989,9.4765
3.4958,-0.0102,2.0732,9.5313
3.5008,-0.0104,3.1233,9.5313
3.5058,0.0358,2.7369,9.5313
3.5108,-0.0034,1.8332,9.5313
3.5158,0.0103,1.4298,9.5313
3.5208,-0.0260,2.0192,9.5861
3.5258,0.0001,2.1776,9.5861
3.5308,0.0161,2.3012,9.5861
3.5358,-0.0051,2.3975,9.5861
3.5408,-0.0215,2.4726,9.6409
3.5458,0.0035,2.5312,9.6409
3.5508,-0.0011,1.6728,9.6409
3.5558,0.0161,2.2080,9.6409
3.5608,0.0114,3.2283,9.6956
3.5658,-0.0158,2.8192,9.6956
3.5708,-0.0190,2.8015,9.6956
3.5758,0.0374,3.6919,9.7504
3.5808,0.0034,3.1808,9.7504
3.5858,-0.0271,2.1794,9.7504
3.5908,0.0118,3.5081,9.8052
3.5958,0.0169,3.9415,9.8052
3.6008,-0.0015,2.4713,9.8052
3.6058,-0.0138,1.9275,9.8052
3.6108,-0.0045,3.3115,9.8600
3.6158,-0.0256,3.7883,9.8600
3.6208,0.0387,2.3518,9.8600
3.6258,0.0111,1.8343,9.8600
3.6308,0.0317,2.3347,9.9148
3.6358,0.0255,3.3278,9.9148
3.6408,0.0278,2.8968,9.9148
3.6458,0.0301,1.9579,9.9148
3.6508,0.0366,1.5270,9.9148
3.6558,-0.0003,2.0951,9.9695
3.6608,-0.0070,2.2368,9.9695
3.6658,-0.0083,1.4431,9.9695
3.6708,0.0013,2.0297,9.9695
3.6758,0.0266,2.1858,9.9695
3.6808,-0.0019,2.3075,10.0243
3.6858,-0.0184,2.4024,10.0243
3.6908,0.0046,1.5724,10.0243
3.6958,-0.0274,2.1305,10.0243
3.7008,0.0214,3.1685,10.0791
3.7058,0.0293,2.7726,10.0791
3.7108,-0.0124,1.8610,10.0791
3.7158,0.0357,1.4515,10.0791
3.7208,-0.0122,2.0362,10.0791
3.7258,0.0182,3.0949,10.1339
3.7308,0.0117,2.7152,10.1339
3.7358,-0.0388,1.8163,10.1339
3.7408,-0.0266,1.4166,10.1339
3.7458,-0.0131,2.0082,10.1339
3.7508,-0.0098,3.0724,10.1886
3.7558,0.0315,2.6976,10.1886
3.7608,-0.0170,1.8026,10.1886
3.7658,0.0135,1.4059,10.1886
3.7708,-0.0136,2.9047,10.2434
3.7758,-0.0184,3.4710,10.2434
3.7808,0.0054,2.1044,10.2434
3.7858,-0.0139,1.6413,10.2434
3.7908,0.0167,1.2801,10.2434
3.7958,-0.0078,2.8066,10.2982
3.8008,0.0329,3.3945,10.2982
3.8058,0.0098,2.0447,10.2982
3.8108,0.0073,1.5947,10.2982
3.8158,0.0229,2.1472,10.3530
3.8208,-0.0581,2.2769,10.3530
3.8258,-0.0005,2.3788,10.3530
3.8308,0.0121,2.4580,10.3530
3.8358,-0.0168,1.6157,10.3530
3.8408,-0.0342,2.1635,10.4078
3.8458,-0.0087,3.1935,10.4078
3.8508,-0.0203,2.7923,10.4078
3.8558,-0.0260,1.8767,10.4078
3.8608,0.0291,2.3671,10.4625
3.8658,0.0014,3.3523,10.4625
3.8708,0.0335,2.9160,10.4625
3.8758,-0.0199,1.9729,10.4625
3.8808,-0.0188,2.4421,10.5173
3.8858,0.0213,2.5067,10.5173
3.8908,-0.0130,1.6537,10.5173
3.8958,0.0279,2.1938,10.5173
3.9008,0.0059,2.3138,10.5173
3.9059,-0.0005,2.4066,10.5721
3.9109,-0.0106,2.4790,10.5721
3.9159,-0.0155,1.6321,10.5721
3.9209,-0.0200,2.1770,10.5721
3.9259,-0.0007,3.2048,10.6269
3.9309,-0.0250,2.8009,10.6269
3.9359,0.0239,2.7866,10.6269
3.9409,0.0266,2.7754,10.6269
3.9459,0.0119,2.7673,10.6816
3.9509,0.0335,2.7613,10.6816
3.9559,-0.0001,2.7566,10.6816
3.9609,0.0146,3.6568,10.7364
3.9659,-0.0390,3.1534,10.7364
3.9709,-0.0603,3.9663,10.7912
3.9759,0.0347,4.2989,10.7912
3.9809,-0.0692,2.7501,10.7912
3.9859,0.0313,3.9532,10.8460
3.9909,0.0458,4.2887,10.8460
3.9959,-0.0383,2.7421,10.8460
4.0009,0.0242,2.1386,10.8460
4.0059,0.0071,3.4762,10.9008
4.0109,-0.0576,3.9167,10.9008
4.0159,0.0386,2.4520,10.9008
4.0209,-0.0167,1.9124,10.9008
4.0259,-0.0037,1.4916,10.9008
4.0309,0.0007,2.0675,10.9555
4.0359,-0.0017,3.1193,10.9555
4.0409,0.0258,2.7345,10.9555
4.0459,-0.0286,1.8316,10.9555
4.0509,0.0009,2.3326,11.0103
4.0559,-0.0018,2.4220,11.0103
4.0609,0.0121,2.4917,11.0103
4.0659,0.0021,2.5461,11.0103
4.0709,-0.0058,1.6844,11.0103
4.0759,0.0165,2.2178,11.0651
4.0809,0.0388,2.3325,11.0651
4.0859,0.0018,2.4211,11.0651
4.0909,0.0062,3.3940,11.1199
4.0959,-0.0051,2.9482,11.1199
4.1009,-0.0584,2.9017,11.1199
4.1059,-0.0235,3.7693,11.1746
4.1109,0.0023,3.2411,11.1746
4.1159,-0.0053,2.2264,11.1746
4.1209,0.0651,2.6406,11.1746
4.1259,0.0614,3.5659,11.2294
4.1309,0.0002,3.0820,11.2294
4.1359,0.0043,2.1024,11.2294
4.1409,0.0025,3.4480,11.2842
4.1459,-0.0178,3.8947,11.2842
4.1509,0.0279,2.4348,11.2842
4.1559,0.0169,1.8990,11.2842
4.1609,-0.0148,3.2893,11.3390
4.1659,-0.0084,3.7710,11.3390
4.1709,-0.0047,2.3383,11.3390
4.1759,-0.0206,1.8237,11.3390
4.1809,0.0186,1.4223,11.3390
4.1859,-0.0180,2.0134,11.3938
4.1909,0.0093,3.0772,11.3938
4.1959,-0.0010,2.7014,11.3938
4.2009,-0.0031,1.8055,11.3938
4.2059,-0.0104,2.3123,11.4485
4.2109,-0.0144,2.4062,11.4485
4.2159,0.0161,1.5752,11.4485
4.2209,0.0233,2.1327,11.4485
4.2259,0.0109,2.2663,11.4485
4.2309,-0.0102,2.3706,11.5033
4.2359,-0.0087,2.4517,11.5033
4.2409,0.0139,1.6108,11.5033
4.2459,-0.0110,2.1604,11.5033
4.2509,0.0169,3.1914,11.5581
4.2559,-0.0067,2.7902,11.5581
4.2609,-0.0196,1.8750,11.5581
4.2659,0.0135,2.3665,11.5581
4.2709,-0.0264,3.3526,11.6129
4.2759,0.0315,2.9164,11.6129
4.2809,0.0338,1.9734,11.6129
4.2859,-0.0080,1.5391,11.6129
4.2909,-0.0087,2.1045,11.6129
4.2959,-0.0167,3.1478,11.6676
4.3009,-0.0112,2.7559,11.6676
4.3059,-0.0235,1.8480,11.6676
4.3109,0.0274,1.4413,11.6676
4.3159,-0.0120,2.9323,11.7224
4.3209,0.0091,3.4925,11.7224
4.3259,0.0325,2.1211,11.7224
4.3309,-0.0071,1.6543,11.7224
4.3359,-0.0015,1.2902,11.7224
4.3409,-0.0100,2.8146,11.7772
4.3459,0.0298,3.4007,11.7772
4.3509,-0.0006,2.0495,11.7772
4.3559,0.0005,1.5984,11.7772
4.3609,0.0123,2.1508,11.8320
4.3659,-0.0280,2.2803,11.8320
4.3709,0.0110,2.3812,11.8320
4.3759,-0.0286,2.4602,11.8320
4.3809,-0.0115,1.6176,11.8320
4.3859,0.0346,2.1658,11.8868
4.3909,0.0127,3.1960,11.8868
4.3959,0.0293,2.7940,11.8868
4.4010,0.0309,2.7819,11.9415
4.4060,0.0287,2.7724,11.9415
4.4110,-0.0112,2.7643,11.9415
4.4160,-0.0179,2.7580,11.9415
4.4210,-0.0282,2.7538,11.9963
4.4260,-0.0268,3.6546,11.9963
4.4310,0.0026,3.1518,11.9963
4.4360,0.0205,3.0609,12.0511
4.4410,-0.0207,3.8942,12.0511
4.4460,-0.0062,4.2427,12.1059
4.4510,0.0339,3.6106,12.1059
4.4560,-0.0520,3.4190,12.1059
4.4610,0.0079,4.1734,12.1606
4.4660,0.0079,3.5564,12.1606
4.4710,-0.0447,2.4723,12.1606
4.4760,0.0384,3.7365,12.2154
4.4810,0.0538,4.1197,12.2154
4.4860,-0.0808,2.6103,12.2154
4.4910,0.0139,3.8427,12.2702
4.4960,0.0277,4.2011,12.2702
4.5010,-0.0608,2.6738,12.2702
4.5060,0.0146,2.0853,12.2702
4.5110,-0.0023,2.5306,12.3250
4.5160,-0.0055,3.4801,12.3250
4.5210,0.0540,3.0151,12.3250
4.5260,-0.0091,2.0502,12.3250
4.5310,0.0209,1.5990,12.3250
4.5360,-0.0202,2.1512,12.3798
4.5410,0.0023,2.2805,12.3798
4.5460,0.0153,2.3814,12.3798
4.5510,-0.0190,2.4601,12.3798
4.5560,0.0286,1.6173,12.3798
4.5610,-0.0260,2.1655,12.4345
4.5660,-0.0059,2.2917,12.4345
4.5710,0.0065,1.4860,12.4345
4.5760,0.0259,2.0631,12.4345
4.5810,0.0318,3.1159,12.4893
4.5860,0.0367,2.7316,12.4893
4.5910,0.0266,1.8290,12.4893
4.5960,0.0375,1.4265,12.4893
4.6010,-0.0155,2.0167,12.4893
4.6060,-0.0116,3.0797,12.5441
4.6110,0.0234,2.7033,12.5441
4.6160,-0.0219,1.8070,12.5441
4.6210,0.0354,1.4093,12.5441
4.6260,0.0271,2.0033,12.5441
4.6310,0.0011,3.0693,12.5989
4.6360,0.0201,2.6952,12.5989
4.6410,-0.0128,1.8006,12.5989
4.6460,0.0294,1.4043,12.5989
4.6510,-0.0013,1.0952,12.5989
4.6560,-0.0288,2.6624,12.6536
4.6610,0.0195,3.2820,12.6536
4.6660,-0.0098,1.9570,12.6536
4.6710,-0.0086,1.5263,12.6536
4.6760,-0.0260,2.0945,12.7084
4.6810,-0.0037,3.1405,12.7084
4.6860,0.0211,2.7507,12.7084
4.6910,-0.0180,1.8440,12.7084
4.6960,0.0107,1.4382,12.7084
4.7010,-0.0240,2.0251,12.7632
4.7060,-0.0065,3.0856,12.7632
4.7110,0.0215,2.7079,12.7632
4.7160,-0.0163,1.8106,12.7632
4.7210,0.0121,1.4122,12.7632
4.7260,0.0017,2.0055,12.8180
4.7310,-0.0475,2.1669,12.8180
4.7360,0.0182,2.2927,12.8180
4.7410,-0.0214,2.3909,12.8180
4.7460,0.0267,1.5634,12.8180
4.7510,-0.0212,2.1235,12.8728
4.7560,0.0043,3.1630,12.8728
4.7610,-0.0045,2.7683,12.8728
4.7660,0.0031,2.7618,12.9275
4.7710,0.0061,2.7567,12.9275
4.7760,0.0303,2.7528,12.9275
4.7810,0.0189,2.7498,12.9275
4.7860,0.0286,2.7467,12.9823
4.7910,0.0193,3.6484,12.9823
4.7960,0.0221,4.0505,13.0371
4.8010,0.0331,3.4600,13.0371
4.8060,-0.0118,3.3013,13.0371
4.8110,0.0372,4.0816,13.0919
4.8160,0.0382,3.4847,13.0919
4.8210,-0.0214,3.3206,13.0919
4.8260,0.0313,4.0967,13.1466
4.8310,0.0436,3.4967,13.1466
4.8360,-0.0452,2.4260,13.1466
4.8410,0.0307,3.6989,13.2014
4.8460,0.0294,4.0894,13.2014
4.8510,-0.0723,2.5872,13.2014
4.8560,0.0656,3.8261,13.2562
4.8610,0.0241,4.1896,13.2562
4.8660,-0.0540,2.6648,13.2562
4.8710,0.0578,2.0783,13.2562
4.8760,-0.0005,2.5244,13.3110
4.8810,0.0143,3.4750,13.3110
4.8860,0.0560,3.0116,13.3110
4.8910,-0.0243,2.0475,13.3110
4.8960,0.0078,2.5010,13.3658
4.9010,-0.0049,2.5534,13.3658
4.9060,0.0038,2.5935,13.3658
4.9110,-0.0002,2.6250,13.3658
4.9160,-0.0136,1.7462,13.3658
4.9210,-0.0035,2.2653,13.4205
4.9260,0.0030,2.3688,13.4205
4.9310,-0.0106,2.4503,13.4205
4.9360,-0.0254,3.4179,13.4753
4.9410,0.0319,2.9670,13.4753
4.9460,0.0338,2.0127,13.4753
4.9510,0.0017,2.4738,13.4753
4.9560,0.0390,3.4363,13.5301
4.9610,-0.0259,2.9817,13.5301
4.9660,0.0203,2.9285,13.5301
4.9710,0.0309,3.7909,13.5849
4.9760,-0.0223,3.2580,13.5849
4.9810,-0.0073,2.2397,13.5849
4.9860,-0.0009,1.7468,13.5849
4.9910,-0.0030,3.1706,13.6396
4.9960,0.0070,3.6784,13.6396
5.0010,-0.0057,2.2661,13.6396
5.0061,0.0186,2.6708,13.6944
5.0111,0.0364,3.5892,13.6944
5.0161,-0.0103,3.1010,13.6944
5.0211,-0.0187,2.1174,13.6944
5.0261,0.0298,1.6514,13.6944
5.0311,-0.0272,2.1914,13.7492
5.0361,0.0187,3.2153,13.7492
5.0411,0.0018,2.8090,13.7492
5.0461,-0.0082,1.8895,13.7492
5.0511,0.0247,1.4736,13.7492
5.0561,-0.0091,2.0534,13.8040
5.0611,-0.0231,2.2042,13.8040
5.0661,0.0122,2.3219,13.8040
5.0711,-0.0139,2.4139,13.8040
5.0761,0.0363,2.4856,13.8588
5.0811,-0.0010,2.5413,13.8588
5.0861,-0.0264,1.6807,13.8588
5.0911,0.0038,2.2149,13.8588
5.0961,0.0107,3.2344,13.9135
5.1011,-0.0038,2.8240,13.9135
5.1061,-0.0155,2.8052,13.9135
5.1111,0.0364,3.6947,13.9683
5.1161,-0.0083,3.1830,13.9683
5.1211,-0.0232,2.1812,13.9683
5.1261,0.0379,3.5094,14.0231
5.1311,0.0362,3.9426,14.0231
5.1361,-0.0084,2.4722,14.0231
5.1411,-0.0182,1.9281,14.0231
5.1461,0.0090,3.3121,14.0779
5.1511,-0.0042,3.7887,14.0779
5.1561,0.0295,2.3521,14.0779
5.1611,-0.0156,1.8345,14.0779
5.1661,0.0199,2.3349,14.1326
5.1711,-0.0017,3.3279,14.1326
5.1761,0.0187,2.8971,14.1326
5.1811,-0.0049,1.9584,14.1326
5.1861,-0.0240,1.5274,14.1326
5.1911,0.0005,2.0953,14.1874
5.1961,-0.0031,2.2369,14.1874
5.2011,0.0113,2.3474,14.1874
5.2061,-0.0057,2.4335,14.1874
5.2111,0.0133,1.5965,14.1874
5.2161,-0.0208,2.1486,14.2422
5.2211,-0.0120,2.2778,14.2422
5.2261,-0.0103,2.3792,14.2422
5.2311,0.0372,2.4583,14.2422
5.2361,0.0146,2.5200,14.2970
5.2411,-0.0186,2.5682,14.2970
5.2461,-0.0135,2.6058,14.2970
5.2511,0.0554,3.5387,14.3518
5.2561,-0.0707,3.0608,14.3518
5.2611,-0.0136,3.8941,14.4065
5.2661,0.0600,4.2427,14.4065
5.2711,-0.1153,2.7062,14.4065
5.2761,0.0735,3.9189,14.4613
5.2811,-0.0234,4.2619,14.4613
5.2861,-0.0440,2.7212,14.4613
5.2911,0.0592,3.0265,14.5161
5.2961,0.0021,3.8668,14.5161
5.3011,-0.0211,3.3167,14.5161
5.3061,0.0378,2.2854,14.5161
5.3111,-0.0168,1.7824,14.5161
5.3161,-0.0069,2.2943,14.5709
5.3211,-0.0190,2.3924,14.5709
5.3261,-0.0031,1.5647,14.5709
5.3311,-0.0026,2.1245,14.5709
5.3361,-0.0236,2.2596,14.5709
5.3411,0.0183,1.4610,14.5709
5.3461,-0.0067,1.1394,14.5709
5.3511,0.0250,0.8887,14.5709
5.3561,0.0118,0.6931,14.5709
5.3611,-0.0092,0.5406,14.5709
5.3661,0.0114,1.3250,14.5709
5.3711,0.0345,2.5390,14.6256
5.3761,-0.0065,2.2811,14.6256
5.3811,-0.0029,1.4777,14.6256
5.3861,-0.0049,1.1525,14.6256
5.3911,-0.0082,2.7072,14.6804
5.3961,0.0379,3.3169,14.6804
5.4011,-0.0220,1.9841,14.6804
5.4061,0.0102,1.5475,14.6804
5.4111,0.0063,2.1110,14.7352
5.4161,-0.0188,3.1533,14.7352
5.4211,0.0299,2.7607,14.7352
5.4261,-0.0235,1.8518,14.7352
5.4311,-0.0037,1.4443,14.7352
5.4361,0.0081,2.0299,14.7900
5.4411,-0.0175,2.1852,14.7900
5.4461,0.0343,1.4029,14.7900
5.4511,-0.0248,1.9983,14.7900
5.4561,-0.0092,2.1613,14.7900
5.4611,0.0165,2.2884,14.8448
5.4661,-0.0284,2.3875,14.8448
5.4712,0.0091,2.4641,14.8448
5.4762,-0.0029,3.4275,14.8995
5.4812,0.0279,2.9743,14.8995
5.4862,0.0026,2.0187,14.8995
5.4912,0.0033,2.4786,14.8995
5.4962,0.0175,3.4400,14.9543
5.5012,-0.0511,2.9846,14.9543
5.5062,-0.0184,2.9307,14.9543
5.5112,-0.0182,3.7921,15.0091
5.5162,-0.0603,3.2585,15.0091
5.5212,-0.0270,2.2399,15.0091
5.5262,0.0037,2.6511,15.0091
5.5312,0.0269,3.5746,15.0639
5.5362,0.0315,3.0893,15.0639
5.5412,-0.0231,2.1081,15.0639
5.5462,0.0246,2.5483,15.1186
5.5512,0.0003,3.4939,15.1186
5.5562,-0.0180,3.0259,15.1186
5.5612,-0.0214,2.0586,15.1186
5.5662,0.0299,1.6056,15.1186
5.5712,-0.0003,2.1556,15.1734
5.5762,0.0150,3.1874,15.1734
5.5812,0.0366,2.7873,15.1734
5.5862,-0.0135,1.8725,15.1734
5.5912,-0.0058,2.3646,15.2282
5.5962,-0.0047,2.4469,15.2282
5.6012,0.0298,1.6070,15.2282
5.6062,0.0183,2.1575,15.2282
5.6112,0.0097,2.2857,15.2282
5.6162,0.0087,2.3857,15.2830
5.6212,-0.0140,2.4637,15.2830
5.6262,-0.0127,1.6203,15.2830
5.6312,-0.0211,3.0720,15.3378
5.6362,0.0103,3.6014,15.3378
5.6412,-0.0427,2.2061,15.3378
5.6462,0.0362,1.7206,15.3378
5.6512,0.0323,3.1502,15.3925
5.6562,-0.0030,3.6624,15.3925
5.6612,0.0294,2.2537,15.3925
5.6662,-0.0182,1.7578,15.3925
5.6712,-0.0171,2.2744,15.4473
5.6762,0.0021,3.2800,15.4473
5.6812,0.0150,2.8595,15.4473
5.6862,0.0018,1.9289,15.4473
5.6912,-0.0167,1.5044,15.4473
5.6962,-0.0560,2.0775,15.5021
5.7012,-0.0272,3.1272,15.5021
5.7062,0.0089,2.7406,15.5021
5.7112,-0.0006,1.8363,15.5021
5.7162,0.0266,1.4322,15.5021
5.7212,0.0019,2.0211,15.5569
5.7262,-0.0250,2.1790,15.5569
5.7312,0.0227,2.3015,15.5569
5.7362,-0.0126,2.3970,15.5569
5.7412,0.0326,2.4722,15.6116
5.7462,0.0279,2.5309,15.6116
5.7512,-0.0051,1.6725,15.6116
5.7562,-0.0043,2.2085,15.6116
5.7612,0.0351,3.2289,15.6664
5.7662,-0.0084,2.8194,15.6664
5.7712,0.0374,2.8012,15.6664
5.7762,0.0139,3.6904,15.7212
5.7812,-0.0065,3.1791,15.7212
5.7862,0.0010,3.0815,15.7212
5.7912,0.0246,3.9095,15.7760
5.7962,-0.0041,3.3506,15.7760
5.8012,-0.0575,2.3119,15.7760
5.8062,0.0111,3.6113,15.8307
5.8112,0.0138,4.0221,15.8307
5.8162,-0.0487,2.5342,15.8307
5.8212,-0.0114,1.9764,15.8307
5.8262,0.0017,3.3483,15.8855
5.8312,-0.0226,3.8155,15.8855
5.8362,0.0366,2.3730,15.8855
5.8412,0.0090,1.8508,15.8855
5.8462,0.0283,3.2517,15.9403
5.8512,0.0221,3.7421,15.9403
5.8562,-0.0268,2.3162,15.9403
5.8612,0.0091,1.8064,15.9403
5.8662,0.0161,2.3123,15.9951
5.8712,-0.0199,2.4056,15.9951
5.8762,-0.0248,2.4792,15.9951
5.8813,-0.0063,2.5365,15.9951
5.8863,-0.0057,1.6772,15.9951
5.8913,0.0013,2.2122,16.0499
5.8963,-0.0017,2.3284,16.0499
5.9013,-0.0238,2.4182,16.0499
5.9063,-0.0050,3.3917,16.1046
5.9113,0.0170,2.9461,16.1046
5.9163,-0.0009,1.9964,16.1046
5.9213,0.0043,2.4597,16.1046
5.9263,0.0303,3.4238,16.1594
5.9313,-0.0011,2.9717,16.1594
5.9363,0.0095,2.0164,16.1594
5.9413,0.0234,2.4767,16.1594
5.9463,-0.0065,3.4381,16.2142
5.9513,0.0267,2.9824,16.2142
5.9563,-0.0120,2.0246,16.2142
5.9613,0.0026,1.5791,16.2142
5.9663,-0.0063,2.1356,16.2690
5.9713,-0.0180,3.1725,16.2690
5.9763,0.0198,2.7760,16.2690
5.9813,-0.0119,1.8639,16.2690
5.9863,0.0181,1.4537,16.2690
5.9913,-0.0259,2.0379,16.3237
5.9963,0.0042,3.0963,16.3237
6.0013,0.0142,2.7162,16.3237
6.0063,-0.0171,1.8171,16.3237
6.0113,0.0146,2.3213,16.3785
6.0163,0.0045,2.4132,16.3785
6.0213,0.0229,1.5808,16.3785
6.0263,0.0135,2.1371,16.3785
6.0313,0.0330,2.2698,16.3785
6.0363,0.0058,2.3725,16.4333
6.0413,0.0047,2.4526,16.4333
6.0463,-0.0014,2.5159,16.4333
6.0513,-0.0077,2.5650,16.4333
6.0563,-0.0250,2.6025,16.4881
6.0613,-0.0335,2.6318,16.4881
6.0663,-0.0572,3.5595,16.5429
6.0713,0.0179,3.9821,16.5429
6.0763,-0.0928,3.4068,16.5429
6.0813,0.0464,4.1627,16.5976
6.0863,0.0724,3.5475,16.5976
6.0913,-0.0551,2.4654,16.5976
6.0963,0.0587,3.7311,16.6524
6.1013,0.0078,4.1155,16.6524
6.1063,-0.0605,2.6071,16.6524
6.1113,0.0162,2.9375,16.7072
6.1163,0.0139,3.7975,16.7072
6.1213,-0.0478,3.2629,16.7072
6.1263,0.0197,2.2437,16.7072
6.1313,-0.0150,1.7500,16.7072
6.1363,-0.0215,2.2690,16.7620
6.1413,0.0198,3.2765,16.7620
6.1463,-0.0111,2.8571,16.7620
6.1513,-0.0252,1.9272,16.7620
6.1563,-0.0091,2.4071,16.8167
6.1613,-0.0192,2.4801,16.8167
6.1663,0.0090,1.6329,16.8167
6.1713,-0.0135,2.1769,16.8167
6.1763,-0.0160,3.2040,16.8715
6.1813,-0.0175,2.8003,16.8715
6.1863,-0.0046,1.8826,16.8715
6.1913,0.0011,1.4683,16.8715
6.1963,-0.0077,1.1452,16.8715
6.2013,-0.0033,2.7014,16.9263
6.2063,0.0290,3.3124,16.9263
6.2113,-0.0046,1.9807,16.9263
6.2163,0.0191,1.5448,16.9263
6.2213,-0.0250,1.2048,16.9263
6.2263,-0.0122,2.7479,16.9811
6.2313,0.0105,3.3487,16.9811
6.2363,-0.0243,2.0090,16.9811
6.2413,-0.0037,1.5668,16.9811
6.2463,0.0103,2.1262,17.0359
6.2513,-0.0529,3.1652,17.0359
6.2563,0.0198,2.7700,17.0359
6.2613,0.0242,1.8591,17.0359
6.2663,-0.0244,1.4500,17.0359
6.2713,-0.0062,2.0350,17.0906
6.2763,-0.0259,2.1899,17.0906
6.2813,0.0142,2.3107,17.0906
6.2863,0.0360,2.4050,17.0906
6.2914,0.0007,1.5743,17.0906
6.2964,-0.0260,2.1320,17.1454
6.3014,-0.0010,3.1696,17.1454
6.3064,0.0038,2.7735,17.1454
6.3114,-0.0014,1.8617,17.1454
6.3164,-0.0224,2.3561,17.2002
6.3214,-0.0251,2.4404,17.2002
6.3264,-0.0216,2.5054,17.2002
6.3314,0.0266,2.5561,17.2002
6.3364,0.0265,2.5956,17.2550
6.3414,-0.0002,2.6264,17.2550
6.3464,-0.0174,2.6512,17.2550
6.3514,-0.0086,3.5746,17.3097
6.3564,-0.0236,3.9934,17.3097
6.3614,-0.0252,4.3201,17.3645
6.3664,0.0408,3.6707,17.3645
6.3714,-0.0320,2.5615,17.3645
6.3764,0.0353,3.8061,17.4193
6.3814,0.0506,4.1740,17.4193
6.3864,-0.0541,2.6527,17.4193
6.3914,0.0227,2.0689,17.4193
6.3964,0.0115,3.4218,17.4741
6.4014,-0.0002,3.8742,17.4741
6.4064,0.0051,2.4189,17.4741
6.4114,0.0133,2.7907,17.5289
6.4164,-0.0187,3.6830,17.5289
6.4214,-0.0091,3.1733,17.5289
6.4264,-0.0223,2.1736,17.5289
6.4314,-0.0175,1.6953,17.5289
6.4364,0.0002,2.2264,17.5836
6.4414,0.0362,2.3392,17.5836
6.4464,0.0163,1.5230,17.5836
6.4514,-0.0057,2.0920,17.5836
6.4564,0.0002,2.2343,17.5836
6.4614,-0.0084,2.3453,17.6384
6.4664,-0.0200,2.4319,17.6384
6.4714,0.0159,1.5953,17.6384
6.4764,0.0005,1.2442,17.6384
6.4814,-0.0143,0.9704,17.6384
6.4864,-0.0005,2.5651,17.6932
6.4914,-0.0207,3.2061,17.6932
6.4964,-0.0027,1.8977,17.6932
6.5014,0.0225,1.4801,17.6932
6.5064,0.0042,2.0585,17.7480
6.5114,0.0009,3.1119,17.7480
6.5164,0.0270,2.7279,17.7480
6.5214,-0.0126,1.8262,17.7480
6.5264,0.0387,2.3284,17.8027
6.5314,-0.0037,2.4189,17.8027
6.5364,-0.0252,2.4895,17.8027
6.5414,-0.0271,2.5444,17.8027
6.5464,-0.0074,1.6831,17.8027
6.5514,-0.0059,2.2168,17.8575
6.5564,0.0101,3.2354,17.8575
6.5614,-0.0017,2.8243,17.8575
6.5664,0.0213,1.9014,17.8575
6.5714,0.0313,2.3864,17.9123
6.5764,-0.0147,2.4633,17.9123
6.5814,0.0325,2.5239,17.9123
6.5864,0.0133,3.4749,17.9671
6.5914,0.0158,3.0111,17.9671
6.5964,-0.0264,2.0470,17.9671
6.6014,-0.0260,2.5007,17.9671
6.6064,-0.0262,3.4572,18.0219
6.6114,-0.0103,2.9978,18.0219
6.6164,-0.0272,2.0366,18.0219
6.6214,-0.0280,1.5884,18.0219
6.6264,-0.0095,3.0471,18.0766
6.6314,0.0391,3.5825,18.0766
6.6364,0.0039,2.1917,18.0766
6.6414,0.0199,1.7094,18.0766
6.6464,0.0285,2.2365,18.1314
6.6514,-0.0078,3.2505,18.1314
6.6564,0.0155,2.8368,18.1314
6.6614,-0.0084,1.9113,18.1314
6.6664,0.0386,1.4907,18.1314
6.6714,-0.0172,2.0668,18.1862
6.6764,-0.0208,3.1189,18.1862
6.6814,-0.0066,2.7341,18.1862
6.6864,-0.0011,1.8313,18.1862
6.6914,-0.0198,1.4283,18.1862
6.6964,-0.0102,2.0181,18.2410
6.7014,0.0205,2.1768,18.2410
6.7064,0.0195,2.3005,18.2410
6.7114,-0.0151,2.3969,18.2410
6.7164,-0.0264,2.4722,18.2957
6.7214,-0.0179,2.5309,18.2957
6.7264,0.0305,2.5767,18.2957
6.7314,0.0089,3.5160,18.3505
6.7364,0.0310,3.0434,18.3505
6.7414,-0.0196,2.9766,18.3505
6.7464,0.0197,3.8284,18.4053
6.7514,0.0131,3.2875,18.4053
6.7564,-0.0283,3.1669,18.4053
6.7614,0.0519,3.9763,18.4601
6.7664,0.0155,3.4022,18.4601
6.7714,-0.0086,3.2562,18.4601
6.7764,0.0867,4.0465,18.5149
6.7814,0.0187,3.4574,18.5149
6.7864,0.0014,3.2993,18.5149
6.7914,0.1373,4.0801,18.5696
6.7964,-0.0326,3.4836,18.5696
6.8014,-0.0363,4.2239,18.6244
6.8064,0.1321,4.4998,18.6244
6.8114,-0.1298,2.9068,18.6244
6.8164,0.0098,4.0753,18.6792
6.8214,0.0410,4.3840,18.6792
6.8264,-0.0781,2.8164,18.6792
6.8314,0.0692,2.1966,18.6792
6.8364,0.0380,2.6173,18.7340
6.8414,-0.0450,3.5481,18.7340
6.8464,0.0331,3.0689,18.7340
6.8514,-0.0071,2.0924,18.7340
6.8564,-0.0070,2.5360,18.7887
6.8614,-0.0014,2.5809,18.7887
6.8664,-0.0565,1.7117,18.7887
6.8714,-0.0047,1.3350,18.7887
6.8765,-0.0146,1.9446,18.7887
6.8815,0.0225,3.0223,18.8435
6.8865,0.0054,2.6581,18.8435
6.8915,-0.0140,1.7718,18.8435
6.8965,0.0282,1.3819,18.8435
6.9015,0.0211,1.9819,18.8435
6.9065,0.0175,3.0522,18.8983
6.9115,0.0103,2.6816,18.8983
6.9165,-0.0561,1.7904,18.8983
6.9215,0.0193,1.3964,18.8983
6.9265,-0.0328,1.9932,18.9531
6.9315,-0.0026,3.0610,18.9531
6.9365,0.0077,2.6883,18.9531
6.9415,-0.0095,1.7953,18.9531
6.9465,0.0121,1.4002,18.9531
6.9515,-0.0160,1.9962,19.0079
6.9565,-0.0011,2.1599,19.0079
6.9615,0.0237,2.2876,19.0079
6.9665,-0.0025,2.3869,19.0079
6.9715,-0.0005,2.4644,19.0626
6.9765,-0.0132,2.5248,19.0626
6.9815,-0.0055,2.5719,19.0626
6.9865,0.0202,3.5128,19.1174
6.9915,0.0221,3.0411,19.1174
6.9965,-0.0228,2.9731,19.1174
7.0015,0.0266,3.8242,19.1722
7.0065,0.0354,3.2839,19.1722
7.0115,-0.0628,3.1640,19.1722
7.0165,0.0739,3.9746,19.2270
7.0215,0.0277,3.4013,19.2270
7.0265,0.0039,4.1596,19.2817
7.0315,0.0836,4.4502,19.2817
7.0365,-0.0931,2.8685,19.2817
7.0415,-0.0388,4.0455,19.3365
7.0465,0.0544,4.3608,19.3365
7.0515,-0.0968,2.7983,19.3365
7.0565,0.0343,2.1825,19.3365
7.0615,0.0127,2.6064,19.3913
7.0665,-0.0504,3.5397,19.3913
7.0715,0.0113,3.0621,19.3913
7.0765,-0.0151,2.0868,19.3913
7.0815,0.0042,1.6276,19.3913
7.0865,0.0095,2.1735,19.4461
7.0915,-0.0027,2.2982,19.4461
7.0965,-0.0283,2.3954,19.4461
7.1015,-0.0067,2.4710,19.4461
7.1065,-0.0242,2.5299,19.5009
7.1115,0.0037,2.5761,19.5009
7.1165,0.0077,1.7080,19.5009
7.1215,0.0022,1.3321,19.5009
7.1265,-0.0021,2.8457,19.5556
7.1315,0.0379,3.4240,19.5556
7.1365,-0.0541,2.0682,19.5556
7.1415,0.0390,2.5172,19.5556
7.1465,0.0341,3.4701,19.6104
7.1515,-0.0202,3.0078,19.6104
7.1565,0.0382,2.0444,19.6104
7.1615,0.0113,1.5945,19.6104
7.1665,-0.0186,2.1477,19.6652
7.1715,0.0217,3.1819,19.6652
7.1765,0.0150,2.7833,19.6652
7.1815,-0.0002,1.8697,19.6652
7.1865,-0.0127,2.3624,19.7200
7.1915,-0.0216,2.4455,19.7200
7.1965,-0.0046,1.6062,19.7200
7.2015,-0.0212,2.1569,19.7200
7.2065,0.0050,2.2850,19.7200
7.2115,-0.0026,2.3849,19.7747
7.2165,-0.0035,2.4629,19.7747
7.2215,-0.0094,1.6195,19.7747
7.2265,-0.0015,3.0714,19.8295
7.2315,0.0155,3.6010,19.8295
7.2365,-0.0304,2.2057,19.8295
7.2415,-0.0010,1.7203,19.8295
7.2465,-0.0042,3.1499,19.8843
7.2515,-0.0533,3.6622,19.8843
7.2565,-0.0260,2.2535,19.8843
7.2615,-0.0171,1.7575,19.8843
7.2665,0.0069,2.2749,19.9391
7.2715,0.0297,3.2811,19.9391
7.2765,0.0106,2.8604,19.9391
7.2815,0.0262,1.9295,19.9391
7.2865,0.0223,1.5049,19.9391
7.2916,-0.0100,2.0771,19.9939
7.2966,-0.0270,3.1261,19.9939
7.3016,0.0327,2.7396,19.9939
7.3066,-0.0108,1.8353,19.9939
7.3116,-0.0055,1.4314,19.9939
7.3166,-0.0263,2.0205,20.0486
7.3216,-0.0276,2.1789,20.0486
7.3266,0.0141,1.3982,20.0486
7.3316,0.0234,1.9939,20.0486
7.3366,0.0113,3.0612,20.1034
7.3416,-0.0156,2.6889,20.1034
7.3466,-0.0148,1.7958,20.1034
7.3516,0.0363,1.4006,20.1034
7.3566,-0.0074,1.0924,20.1034
7.3616,0.0102,2.6603,20.1582
7.3666,0.0175,3.2804,20.1582
7.3716,-0.0256,1.9557,20.1582
7.3766,0.0117,1.5253,20.1582
7.3816,-0.0049,1.1896,20.1582
7.3866,-0.0517,2.7361,20.2130
7.3916,0.0458,3.3394,20.2130
7.3966,-0.0088,2.0017,20.2130
7.4016,-0.0192,1.5612,20.2130
7.4066,0.0087,2.1210,20.2677
7.4116,-0.0278,3.1599,20.2677
7.4166,0.0293,2.7653,20.2677
7.4216,-0.0027,1.8554,20.2677
7.4266,-0.0031,1.4471,20.2677
7.4316,-0.0099,2.0328,20.3225
7.4366,-0.0045,2.1882,20.3225
7.4416,0.0201,1.4052,20.3225
7.4466,-0.0234,1.0960,20.3225
7.4516,0.0199,0.8548,20.3225
7.4566,-0.0033,1.5708,20.3773
7.4616,-0.0242,2.7320,20.3773
7.4666,0.0278,2.4324,20.3773
7.4716,-0.0256,1.5959,20.3773
7.4766,0.0396,2.1489,20.4321
7.4816,0.0301,2.2790,20.4321
7.4866,0.0123,2.3797,20.4321
7.4916,0.0490,2.4583,20.4321
7.4966,-0.0122,2.5203,20.4869
7.5016,-0.0075,2.5685,20.4869
7.5066,-0.0411,2.6060,20.4869
7.5116,-0.0002,3.5393,20.5416
7.5166,-0.0392,3.9659,20.5416
7.5216,-0.0280,4.2982,20.5964
7.5266,0.0181,3.6532,20.5964
7.5316,-0.0525,2.5478,20.5964
7.5366,0.0262,3.7954,20.6512
7.5416,0.0322,4.1666,20.6512
7.5466,-0.0379,2.6478,20.6512
7.5516,0.0631,3.8734,20.7060
7.5566,0.0119,4.2274,20.7060
7.5616,-0.0407,2.6953,20.7060
7.5666,0.0209,2.1021,20.7060
7.5716,-0.0014,3.4463,20.7607
7.5766,-0.0167,3.8920,20.7607
7.5816,0.0029,2.4327,20.7607
7.5866,-0.0147,1.8974,20.7607
7.5916,-0.0031,1.4798,20.7607
7.5966,-0.0075,2.0583,20.8155
7.6016,-0.0243,3.1122,20.8155
7.6066,0.0047,2.7289,20.8155
7.6116,-0.0227,1.8272,20.8155
7.6166,0.0223,2.3292,20.8703
7.6216,-0.0194,2.4194,20.8703
7.6266,0.0271,1.5856,20.8703
7.6316,-0.0079,2.1408,20.8703
7.6366,-0.0091,2.2724,20.8703
7.6416,0.0254,2.3751,20.9251
7.6467,0.0026,2.4554,20.9251
7.6517,0.0033,1.6139,20.9251
7.6567,0.0299,2.1628,20.9251
7.6617,0.0368,3.1937,20.9799
7.6667,0.0227,2.7922,20.9799
7.6717,-0.0184,1.8764,20.9799
7.6767,0.0067,2.3676,20.9799
7.6817,-0.0263,3.3534,21.0346
7.6867,0.0299,2.9168,21.0346
7.6917,-0.0178,1.9735,21.0346
7.6967,0.0139,1.5391,21.0346
7.7017,0.0262,3.0086,21.0894
7.7067,0.0117,3.5520,21.0894
7.7117,-0.0080,2.1675,21.0894
7.7167,-0.0150,1.6905,21.0894
7.7217,0.0255,2.2226,21.1442
7.7267,0.0050,3.2403,21.1442
7.7317,0.0078,2.8288,21.1442
7.7367,-0.0112,1.9052,21.1442
7.7417,-0.0046,1.4859,21.1442
7.7467,0.0014,2.0623,21.1990
7.7517,-0.0115,2.2105,21.1990
7.7567,0.0069,1.4227,21.1990
7.7617,-0.0083,2.0137,21.1990
7.7667,0.0157,2.1734,21.1990
7.7717,-0.0263,2.2971,21.2537
7.7767,-0.0240,2.3936,21.2537
7.7817,-0.0018,1.5655,21.2537
7.7867,-0.0132,2.1252,21.2537
7.7917,0.0058,3.1644,21.3085
7.7967,0.0005,2.7697,21.3085
7.8017,-0.0244,1.8590,21.3085
7.8067,0.0384,2.3540,21.3085
7.8117,-0.0088,3.3428,21.3633
7.8167,0.0199,2.9085,21.3633
7.8217,-0.0239,1.9670,21.3633
7.8267,-0.0238,1.5341,21.3633
7.8317,0.0254,3.0047,21.4181
7.8367,0.0107,3.5489,21.4181
7.8417,0.0225,2.1651,21.4181
7.8467,0.0238,1.6886,21.4181
7.8517,0.0018,2.2211,21.4729
7.8567,-0.0134,2.3351,21.4729
7.8617,0.0350,2.4239,21.4729
7.8667,-0.0035,2.4932,21.4729
7.8717,-0.0232,1.6431,21.4729
7.8767,0.0014,2.1856,21.5276
7.8817,0.0158,3.2115,21.5276
7.8867,-0.0204,2.8061,21.5276
7.8917,-0.0037,2.7913,21.5824
7.8967,-0.0207,2.7798,21.5824
7.9017,-0.0287,2.7708,21.5824
7.9067,-0.0098,2.7638,21.5824
7.9117,0.0010,2.7576,21.6372
7.9167,-0.0058,2.7528,21.6372
7.9217,-0.0240,3.6539,21.6920
7.9267,0.0193,4.0563,21.6920
7.9317,-0.0356,3.4651,21.6920
7.9367,0.0428,4.2087,21.7467
7.9417,0.0552,3.5838,21.7467
7.9467,-0.0371,3.3972,21.7467
7.9517,0.0467,4.1557,21.8015
7.9567,0.0703,3.5428,21.8015
7.9617,-0.0847,2.4620,21.8015
7.9667,0.0428,3.7286,21.8563
7.9717,-0.0244,4.1141,21.8563
7.9767,-0.1073,2.6064,21.8563
7.9817,0.0905,3.8410,21.9111
7.9867,-0.0244,4.2012,21.9111
7.9917,-0.0593,2.6739,21.9111
7.9967,0.0595,2.0854,21.9111
8.0017,-0.0268,2.5306,21.9659
8.0067,0.0103,3.4802,21.9659
8.0117,0.0215,3.0152,21.9659
8.0167,-0.0134,2.0502,21.9659
8.0217,0.0341,2.5024,22.0206
8.0267,-0.0042,2.5537,22.0206
8.0317,0.0041,1.6903,22.0206
8.0367,-0.0159,1.3183,22.0206
8.0417,-0.0331,2.8364,22.0754
8.0467,0.0026,3.4176,22.0754
8.0517,-0.0398,2.0627,22.0754
8.0567,-0.0238,1.6087,22.0754
8.0617,0.0045,1.2546,22.0754
8.0667,-0.0027,2.7867,22.1302
8.0717,0.0070,3.3789,22.1302
8.0767,-0.0066,2.0325,22.1302
8.0817,0.0041,1.5852,22.1302
8.0867,0.0255,2.1404,22.1850
8.0917,-0.0603,2.2721,22.1850
8.0967,0.0097,2.3749,22.1850
8.1017,0.0309,2.4550,22.1850
8.1067,-0.0199,2.5175,22.2397
8.1117,0.0291,2.5662,22.2397
8.1167,-0.0191,1.7001,22.2397
8.1217,0.0037,2.2301,22.2397
8.1267,-0.0170,3.2462,22.2945
8.1317,-0.0529,2.8332,22.2945
8.1367,-0.0151,2.8117,22.2945
8.1417,0.0303,3.6991,22.3493
8.1467,0.0179,3.1864,22.3493
8.1517,0.0169,2.1837,22.3493
8.1567,0.0707,3.5100,22.4041
8.1617,-0.0210,3.9421,22.4041
8.1667,-0.0390,2.4723,22.4041
8.1717,0.0283,2.8323,22.4588
8.1767,-0.0112,3.7154,22.4588
8.1817,-0.0077,3.1987,22.4588
8.1867,0.0130,2.1934,22.4588
8.1917,-0.0009,1.7107,22.4588
8.1967,-0.0038,2.2383,22.5136
8.2018,0.0233,3.2517,22.5136
8.2068,-0.0001,2.8367,22.5136
8.2118,-0.0243,1.9113,22.5136
8.2168,0.0027,2.3948,22.5684
8.2218,-0.0116,2.4708,22.5684
8.2268,-0.0178,1.6259,22.5684
8.2318,-0.0110,2.1715,22.5684
8.2368,0.0038,2.2959,22.5684
8.2418,-0.0242,2.3936,22.6232
8.2468,-0.0106,2.4696,22.6232
8.2518,-0.0070,1.6247,22.6232
8.2568,-0.0027,2.1713,22.6232
8.2618,0.0134,3.1999,22.6780
8.2668,-0.0051,2.7966,22.6780
8.2718,-0.0017,1.8798,22.6780
8.2768,0.0265,2.3702,22.7327
8.2818,-0.0564,3.3550,22.7327
8.2868,0.0211,2.9178,22.7327
8.2918,0.0026,1.9746,22.7327
8.2968,0.0010,1.5400,22.7327
8.3018,0.0046,2.1046,22.7875
8.3068,-0.0030,3.1471,22.7875
8.3118,-0.0160,2.7554,22.7875
8.3168,0.0050,1.8476,22.7875
8.3218,0.0126,2.3452,22.8423
8.3268,-0.0238,2.4321,22.8423
8.3318,-0.0100,1.5957,22.8423
8.3368,-0.0102,2.1487,22.8423
8.3418,0.0093,3.1827,22.8971
8.3468,-0.0011,2.7835,22.8971
8.3518,-0.0244,1.8696,22.8971
8.3568,0.0034,1.4581,22.8971
8.3618,-0.0045,2.0413,22.8971
8.3668,-0.0132,3.0989,22.9518
8.3718,0.0090,2.7183,22.9518
8.3768,-0.0204,1.8187,22.9518
8.3818,0.0110,1.4184,22.9518
8.3868,-0.0392,1.1062,22.9518
8.3918,-0.0023,2.6711,23.0066
8.3968,0.0262,3.2888,23.0066
8.4018,-0.0384,1.9623,23.0066
8.4068,-0.0126,1.5305,23.0066
8.4118,-0.0235,2.0979,23.0614
8.4168,0.0026,3.1431,23.0614
8.4218,0.0147,2.7528,23.0614
8.4268,0.0073,1.8456,23.0614
8.4318,0.0170,1.4395,23.0614
8.4368,0.0384,2.0269,23.1162
8.4418,-0.0171,2.1838,23.1162
8.4468,0.0378,2.3063,23.1162
8.4518,-0.0210,2.4015,23.1162
8.4568,-0.0172,2.4757,23.1710
8.4618,-0.0070,2.5337,23.1710
8.4668,-0.0090,2.5788,23.1710
8.4718,-0.0260,2.6140,23.1710
8.4768,0.0315,2.6414,23.2257
8.4818,-0.0148,3.5651,23.2257
8.4868,0.0727,3.9840,23.2805
8.4918,0.0732,3.4086,23.2805
8.4968,-0.0335,3.2612,23.2805
8.5018,0.0752,4.0504,23.3353
8.5068,-0.0272,3.4603,23.3353
8.5118,-0.0583,4.2056,23.3901
8.5168,0.0772,4.4856,23.3901
8.5218,-0.1130,2.8957,23.3901
8.5268,-0.0002,4.0653,23.4448
8.5318,0.0471,4.3747,23.4448
8.5368,-0.0632,2.8092,23.4448
8.5418,0.0466,2.1910,23.4448
8.5468,0.0145,2.6122,23.4996
8.5518,-0.0251,3.5435,23.4996
8.5569,0.0530,3.0653,23.4996
8.5619,-0.0280,2.0896,23.4996
8.5669,-0.0050,1.6297,23.4996
8.5719,0.0122,2.1752,23.5544
8.5769,-0.0158,2.2995,23.5544
8.5819,0.0375,2.3963,23.5544
8.5869,-0.0031,2.4717,23.5544
8.5919,0.0186,2.5298,23.6092
8.5969,-0.0018,2.5751,23.6092
8.6019,0.0209,1.7071,23.6092
8.6069,-0.0047,1.3314,23.6092
8.6119,-0.0112,2.8453,23.6640
8.6169,0.0492,3.4233,23.6640
8.6219,-0.0515,2.0672,23.6640
8.6269,0.0051,2.5164,23.7187
8.6319,0.0370,3.4690,23.7187
8.6369,-0.0015,3.0065,23.7187
8.6419,0.0235,2.0435,23.7187
8.6469,0.0142,1.5939,23.7187
8.6519,-0.0175,2.1472,23.7735
8.6569,0.0301,3.1811,23.7735
8.6619,0.0388,2.7819,23.7735
8.6669,-0.0115,1.8683,23.7735
8.6719,0.0070,2.3613,23.8283
8.6769,-0.0191,2.4446,23.8283
8.6819,-0.0279,1.6054,23.8283
8.6869,0.0219,2.1555,23.8283
8.6919,-0.0136,2.2832,23.8283
8.6969,0.0093,2.3835,23.8831
8.7019,-0.0118,2.4617,23.8831
8.7069,-0.0152,1.6185,23.8831
8.7119,-0.0038,3.0705,23.9378
8.7169,0.0471,3.6002,23.9378
8.7219,-0.0195,2.2051,23.9378
8.7269,-0.0148,1.7198,23.9378
8.7319,0.0143,3.1495,23.9926
8.7369,-0.0290,3.6624,23.9926
8.7419,0.0083,2.2541,23.9926
8.7469,0.0129,1.7581,23.9926
8.7519,-0.0086,2.2746,24.0474
8.7569,0.0281,2.3761,24.0474
8.7619,-0.0270,2.4560,24.0474
8.7669,-0.0096,2.5185,24.0474
8.7719,-0.0248,2.5673,24.1022
8.7769,-0.0520,2.6053,24.1022
8.7819,-0.0288,2.6349,24.1022
8.7869,-0.0254,3.5619,24.1570
8.7919,-0.0212,3.0794,24.1570
8.7969,-0.0124,3.0037,24.1570
8.8019,0.0035,3.8489,24.2117
8.8069,0.0383,3.3032,24.2117
8.8119,0.0046,3.1790,24.2117
8.8169,0.0315,3.9862,24.2665
8.8219,0.0318,3.4103,24.2665
8.8269,-0.0450,4.1667,24.3213
8.8319,0.0495,4.4553,24.3213
8.8369,-0.0713,2.8720,24.3213
8.8419,-0.0334,4.0468,24.3761
8.8469,0.0550,4.3608,24.3761
8.8519,-0.0679,2.7988,24.3761
8.8569,-0.0222,2.1829,24.3761
8.8619,0.0199,2.6066,24.4308
8.8669,-0.0601,3.5398,24.4308
8.8719,0.0317,3.0624,24.4308
8.8770,-0.0104,2.0873,24.4308
8.8820,-0.0015,2.5321,24.4856
8.8870,-0.0063,2.5776,24.4856
8.8920,-0.0116,1.7090,24.4856
8.8970,-0.0073,2.2363,24.4856
8.9020,0.0218,2.3462,24.4856
8.9070,-0.0013,2.4326,24.5404
8.9120,-0.0171,2.5000,24.5404
8.9170,0.0043,1.6484,24.5404
8.9220,0.0210,2.1897,24.5404
8.9270,0.0174,3.2147,24.5952
8.9320,0.0051,2.8089,24.5952
8.9370,-0.0203,1.8896,24.5952
8.9420,-0.0037,1.4738,24.5952
8.9470,-0.0062,2.9577,24.6500
8.9520,0.0211,3.5123,24.6500
8.9570,0.0091,2.1366,24.6500
8.9620,-0.0159,1.6664,24.6500
8.9670,0.0070,1.2997,24.6500
8.9720,-0.0178,2.8219,24.7047
8.9770,0.0278,3.4069,24.7047
8.9820,0.0350,2.0548,24.7047
8.9870,-0.0172,1.6026,24.7047
8.9920,0.0274,2.1540,24.7595
8.9970,-0.0120,2.2827,24.7595
9.0020,-0.0159,2.3830,24.7595
9.0070,0.0360,2.4615,24.7595
9.0120,-0.0070,2.5220,24.8143
9.0170,-0.0135,2.5690,24.8143
9.0220,-0.0041,2.6057,24.8143
9.0270,-0.0019,3.5385,24.8691
9.0320,0.0179,3.0612,24.8691
9.0370,-0.0051,2.9896,24.8691
9.0420,-0.0246,3.8374,24.9238
9.0470,0.0078,3.2938,24.9238
9.0520,-0.0106,3.1710,24.9238
9.0570,0.0574,3.9793,24.9786
9.0620,0.0003,3.4052,24.9786
9.0670,0.0042,3.2581,24.9786
9.0720,0.0845,4.0472,25.0334
9.0770,-0.0796,3.4579,25.0334
9.0820,-0.0262,4.2038,25.0882
9.0870,0.0668,4.4842,25.0882
9.0920,-0.1213,2.8946,25.0882
9.0970,0.0788,4.0659,25.1430
9.1020,0.0947,4.3766,25.1430
9.1070,-0.0412,2.8107,25.1430
9.1120,0.0620,2.1921,25.1430
9.1170,-0.0198,3.5179,25.1977
9.1220,0.0011,3.9496,25.1977
9.1270,0.0203,2.4781,25.1977
9.1320,-0.0146,1.9327,25.1977
9.1370,-0.0284,2.4115,25.2525
9.1420,-0.0047,2.4836,25.2525
9.1470,-0.0210,1.6356,25.2525
9.1520,0.0197,2.1791,25.2525
9.1570,-0.0230,2.3016,25.2525
9.1620,-0.0143,2.3971,25.3073
9.1670,-0.0131,2.4715,25.3073
9.1720,0.0057,1.6262,25.3073
9.1770,0.0265,1.2683,25.3073
9.1820,-0.0148,0.9892,25.3073
9.1870,0.0109,2.5783,25.3621
9.1920,-0.0079,3.2149,25.3621
9.1970,-0.0027,1.9046,25.3621
9.2020,-0.0053,1.4854,25.3621
9.2070,0.0001,1.1585,25.3621
9.2120,-0.0099,2.7117,25.4168
9.2170,0.0378,3.3204,25.4168
9.2220,0.0002,1.9869,25.4168
9.2270,-0.0284,1.5495,25.4168
9.2320,-0.0271,2.1126,25.4716
9.2370,-0.0047,2.2504,25.4716
9.2420,0.0269,2.3580,25.4716
9.2470,0.0077,2.4418,25.4716
9.2520,-0.0059,2.5065,25.5264
9.2571,-0.0247,2.5572,25.5264
9.2621,-0.0166,2.5974,25.5264
9.2671,0.0069,2.6288,25.5264
9.2721,0.0139,2.6533,25.5812
9.2771,0.0269,3.5762,25.5812
9.2821,-0.0268,3.9947,25.6360
9.2871,0.0023,4.3211,25.6360
9.2921,-0.0254,3.6715,25.6360
9.2971,0.0223,3.4655,25.6907
9.3021,-0.0070,3.3051,25.6907
9.3071,0.0049,4.0849,25.7455
9.3121,0.1007,4.3914,25.7455
9.3171,-0.0605,3.7263,25.7455
9.3221,0.0514,4.4131,25.8003
9.3271,0.0126,3.7433,25.8003
9.3321,-0.0941,2.6181,25.8003
9.3371,0.0114,3.8502,25.8551
9.3421,0.0355,4.2083,25.8551
9.3471,-0.0300,2.6795,25.8551
9.3521,0.0659,2.9933,25.9098
9.3571,-0.0187,3.8407,25.9098
9.3621,-0.0267,3.2969,25.9098
9.3671,0.0726,2.2700,25.9098
9.3721,-0.0092,2.6746,25.9646
9.3771,-0.0124,2.6889,25.9646
9.3821,0.0279,1.7960,25.9646
9.3871,0.0030,2.3042,25.9646
9.3921,0.0378,3.3032,26.0194
9.3971,-0.0095,2.8777,26.0194
9.4021,-0.0123,1.9430,26.0194
9.4071,0.0330,1.5153,26.0194
9.4121,-0.0046,1.1818,26.0194
9.4171,0.0255,2.7300,26.0742
9.4221,0.0206,3.3347,26.0742
9.4271,-0.0046,1.9980,26.0742
9.4321,-0.0214,1.5583,26.0742
9.4371,0.0387,1.2153,26.0742
9.4421,-0.0092,1.8519,26.1290
9.4471,0.0305,2.9512,26.1290
9.4521,0.0355,2.6031,26.1290
9.4571,-0.0001,1.7289,26.1290
9.4621,0.0149,2.2518,26.1837
9.4671,0.0045,2.3585,26.1837
9.4721,0.0143,1.5383,26.1837
9.4771,-0.0167,2.1038,26.1837
9.4821,0.0127,2.2436,26.1837
9.4871,0.0360,2.3526,26.2385
9.4921,-0.0002,2.4377,26.2385
9.4971,-0.0046,1.5999,26.2385
9.5021,-0.0146,3.0561,26.2933
9.5071,0.0149,3.5895,26.2933
9.5121,-0.0450,2.1973,26.2933
9.5171,-0.0116,1.7137,26.2933
9.5221,0.0363,3.1449,26.3481
9.5271,-0.0095,3.6583,26.3481
9.5321,-0.0186,2.2504,26.3481
9.5371,-0.0111,1.7552,26.3481
9.5421,0.0025,2.2730,26.4028
9.5471,-0.0270,3.2796,26.4028
9.5521,0.0350,2.8592,26.4028
9.5571,0.0025,1.9286,26.4028
9.5621,0.0090,1.5042,26.4028
9.5671,-0.0136,2.0773,26.4576
9.5721,-0.0054,2.2232,26.4576
9.5771,-0.0223,2.3369,26.4576
9.5821,-0.0216,2.4256,26.4576
9.5871,-0.0247,2.4948,26.5124
9.5921,0.0185,2.5485,26.5124
9.5971,0.0099,2.5904,26.5124
9.6021,0.0021,2.6231,26.5124
9.6071,0.0598,2.6487,26.5672
9.6121,-0.0025,3.5727,26.5672
9.6171,0.0185,3.9919,26.6220
9.6221,0.0070,3.4148,26.6220
9.6271,-0.0733,3.2653,26.6220
9.6321,0.0094,4.0529,26.6767
9.6371,-0.0200,3.4623,26.6767
9.6421,-0.0330,3.3032,26.6767
9.6471,0.0654,4.0827,26.7315
9.6521,-0.0144,3.4854,26.7315
9.6571,-0.0466,3.3213,26.7315
9.6621,0.0969,4.0968,26.7863
9.6671,-0.0300,3.4964,26.7863
9.6722,-0.0304,4.2297,26.8411
9.6772,0.1236,4.5000,26.8411
9.6822,-0.0960,2.9068,26.8411
9.6872,-0.0143,3.1712,26.8958
9.6922,0.0989,3.9802,26.8958
9.6972,-0.0291,3.4056,26.8958
9.7022,0.0201,2.3547,26.8958
9.7072,0.0114,2.7405,26.9506
9.7122,-0.0597,2.7401,26.9506
9.7172,0.0516,1.8356,26.9506
9.7222,0.0247,2.3357,26.9506
9.7272,-0.0026,3.3281,27.0054
9.7322,-0.0061,2.8966,27.0054
9.7372,-0.0244,1.9578,27.0054
9.7422,-0.0080,1.5270,27.0054
9.7472,0.0386,1.1910,27.0054
9.7522,-0.0276,2.7357,27.0602
9.7572,0.0382,3.3378,27.0602
9.7622,0.0021,2.0005,27.0602
9.7672,-0.0037,1.5602,27.0602
9.7722,-0.0236,2.1211,27.1150
9.7772,-0.0035,3.1612,27.1150
9.7822,0.0262,2.7669,27.1150
9.7872,-0.0143,1.8566,27.1150
9.7922,0.0274,1.4481,27.1150
9.7972,0.0261,2.0335,27.1697
9.8022,0.0041,2.1887,27.1697
9.8072,0.0349,2.3098,27.1697
9.8122,0.0025,2.4042,27.1697
9.8172,0.0253,2.4778,27.2245
9.8222,0.0343,2.5353,27.2245
9.8272,-0.0051,2.5801,27.2245
9.8322,0.0062,2.6151,27.2245
9.8372,0.0531,2.6425,27.2793
9.8422,-0.0195,3.5680,27.2793
9.8472,0.0335,3.9883,27.3341
9.8522,0.0287,3.4120,27.3341
9.8572,-0.0768,3.2639,27.3341
9.8622,0.0944,4.0526,27.3888
9.8672,0.0114,3.4622,27.3888
9.8722,0.0006,3.3030,27.3888
9.8772,0.1380,4.0825,27.4436
9.8822,-0.0069,3.4853,27.4436
9.8872,-0.0342,4.2253,27.4984
9.8922,0.1329,4.5009,27.4984
9.8972,-0.0596,2.9076,27.4984
9.9022,-0.0015,3.1718,27.5532
9.9072,0.0407,3.9806,27.5532
9.9122,-0.0807,3.4059,27.5532
9.9172,0.0368,2.3549,27.5532
9.9222,0.0155,2.7407,27.6080
9.9272,-0.0563,2.7403,27.6080
9.9322,0.0142,2.7399,27.6080
9.9372,-0.0140,2.7396,27.6080
9.9422,0.0358,2.7394,27.6627
9.9472,0.0281,2.7392,27.6627
9.9522,-0.0071,1.8350,27.6627
9.9572,0.0026,3.2395,27.7175
9.9622,0.0298,3.7321,27.7175
9.9672,-0.0564,2.3080,27.7175
9.9722,-0.0230,3.6084,27.7723
9.9772,0.0716,4.0198,27.7723
9.9822,-0.0427,2.5324,27.7723
9.9872,0.0057,1.9751,27.7723
9.9922,0.0095,2.4446,27.8271
9.9972,-0.0035,3.4135,27.8271
10.0022,0.0205,2.9636,27.8271
10.0072,0.0391,2.0100,27.8271
10.0122,-0.0199,2.4718,27.8818
10.0172,-0.0042,2.5308,27.8818
10.0222,0.0025,1.6728,27.8818
10.0272,-0.0071,1.3047,27.8818
10.0322,-0.0198,1.9217,27.8818
