0.005,0
0.01,0.0
0.015,0.0
0.02,0.0
0.025,0.0
0.03,0.0
0.035,0.0
0.04,0.0
0.045,-0.0548
0.05,-0.0548
0.055,-0.0548
0.06,-0.0548
0.065,-0.1096
0.07,-0.1096
0.075,-0.1096
0.08,-0.1643
0.085,-0.1643
0.09,-0.2191
0.095,-0.2191
0.1,-0.2739
0.105,-0.2739
0.11,-0.3287
0.115,-0.3287
0.12,-0.3834
0.125,-0.3834
0.13,-0.4382
0.135,-0.493
0.14,-0.493
0.145,-0.5478
0.15,-0.6026
0.155,-0.6026
0.16,-0.6573
0.165,-0.7121
0.17,-0.7121
0.175,-0.7669
0.18,-0.8217
0.185,-0.8764
0.19,-0.9312
0.195,-0.9312
0.2001,-0.986
0.2051,-1.0408
0.2101,-1.0956
0.2151,-1.1503
0.2201,-1.2051
0.2251,-1.2599
0.2301,-1.2599
0.2351,-1.3147
0.2401,-1.3694
0.2451,-1.4242
0.2501,-1.479
0.2551,-1.5338
0.2601,-1.5886
0.2651,-1.6433
0.2701,-1.6981
0.2751,-1.7529
0.2801,-1.8077
0.2851,-1.8624
0.2901,-1.9172
0.2951,-1.972
0.3001,-2.0268
0.3051,-2.0816
0.3101,-2.1363
0.3151,-2.2459
0.3201,-2.3007
0.3251,-2.3554
0.3301,-2.4102
0.3351,-2.465
0.3401,-2.5198
0.3451,-2.5746
0.3501,-2.6293
0.3551,-2.6841
0.3601,-2.7389
0.3651,-2.7937
0.3701,-2.9032
0.3751,-2.958
0.3801,-3.0128
0.3851,-3.0676
0.3901,-3.1223
0.3951,-3.1771
0.4001,-3.2319
0.4051,-3.3414
0.4101,-3.3962
0.4151,-3.451
0.4201,-3.5058
0.4251,-3.5605
0.4301,-3.6153
0.4351,-3.7249
0.4401,-3.7797
0.4451,-3.8344
0.4501,-3.8892
0.4551,-3.944
0.4601,-3.9988
0.4651,-4.1083
0.4701,-4.1631
0.4751,-4.2179
0.4801,-4.2727
0.4851,-4.3274
0.4901,-4.437
0.4951,-4.4918
0.5001,-4.5465
0.5051,-4.6013
0.5101,-4.7109
0.5151,-4.7657
0.5201,-4.8204
0.5251,-4.8752
0.5301,-4.93
0.5351,-5.0395
0.5401,-5.0943
0.5451,-5.1491
0.5501,-5.2039
0.5551,-5.2587
0.5601,-5.3682
0.5651,-5.422999999999999
0.5701,-5.4778
0.5751,-5.5325
0.5801,-5.6421
0.5851,-5.6969
0.5901,-5.7517
0.5951,-5.8064
0.6001,-5.8612
0.6051,-5.9708
0.6101,-6.0255
0.6151,-6.0803
0.6201,-6.1351
0.6251,-6.2447
0.6301,-6.2994
0.6351,-6.3542
0.6401,-6.409
0.6451,-6.4638
0.6501,-6.5733
0.6551,-6.6281
0.6601,-6.6829
0.6651,-6.7377
0.6701,-6.8472
0.6751,-6.902
0.6801,-6.9568
0.6851,-7.0115
0.6901,-7.1211
0.6951,-7.1759
0.7001,-7.2307
0.7051,-7.2854
0.7101,-7.3402
0.7151,-7.4498
0.7201,-7.5045
0.7251,-7.5593
0.7301,-7.6141
0.7351,-7.7237
0.7401,-7.7784
0.7451,-7.8332
0.7501,-7.888
0.7552,-7.9428
0.7602,-8.0523
0.7652,-8.1071
0.7702,-8.1619
0.7752,-8.2167
0.7802,-8.3262
0.7852,-8.381
0.7902,-8.4358
0.7952,-8.4905
0.8002,-8.5453
0.8052,-8.6549
0.8102,-8.7097
0.8152,-8.7644
0.8202,-8.8192
0.8252,-8.9288
0.8302,-8.9835
0.8352,-9.0383
0.8402,-9.0931
0.8452,-9.2027
0.8502,-9.2574
0.8552,-9.3122
0.8602,-9.367
0.8652,-9.4765
0.8702,-9.5313
0.8752,-9.5861
0.8802,-9.6409
0.8852,-9.6956
0.8902,-9.8052
0.8952,-9.86
0.9002,-9.9148
0.9052,-9.9695
0.9102,-10.0791
0.9152,-10.1339
0.9202,-10.1886
0.9252,-10.2434
0.9302,-10.353
0.9352,-10.4078
0.9402,-10.4625
0.9452,-10.5173
0.9502,-10.5721
0.9552,-10.6816
0.9602,-10.7364
0.9652,-10.7912
0.9702,-10.845999999999998
0.9752,-10.9555
0.9802,-11.0103
0.9852,-11.0651
0.9902,-11.1199
0.9952,-11.2294
1.0002,-11.2842
1.0052,-11.339
1.0102,-11.3938
1.0152,-11.4485
1.0202,-11.5581
1.0252,-11.6129
1.0302,-11.6676
1.0352,-11.7224
1.0402,-11.832
1.0452,-11.8868
1.0502,-11.9415
1.0552,-11.9963
1.0602,-12.0511
1.0652,-12.1606
1.0702,-12.2154
1.0752,-12.2702
1.0802,-12.325
1.0852,-12.4345
1.0902,-12.4893
1.0952,-12.5441
1.1002,-12.5989
1.1052,-12.7084
1.1102,-12.7632
1.1152,-12.818
1.1202,-12.8728
1.1252,-12.9275
1.1302,-13.0371
1.1352,-13.0919
1.1402,-13.1466
1.1452,-13.2014
1.1502,-13.311
1.1552,-13.3658
1.1602,-13.4205
1.1652,-13.4753
1.1702,-13.5849
1.1752,-13.6396
1.1802,-13.6944
1.1853,-13.7492
1.1903,-13.804
1.1953,-13.9135
1.2003,-13.9683
1.2053,-14.0231
1.2103,-14.0779
1.2153,-14.1874
1.2203,-14.2422
1.2253,-14.297
1.2303,-14.3518
1.2353,-14.4613
1.2403,-14.5161
1.2453,-14.5709
1.2503,-14.6256
1.2553,-14.6804
1.2603,-14.79
1.2653,-14.8448
1.2703,-14.8995
1.2753,-14.9543
1.2803,-15.0639
1.2853,-15.1186
1.2903,-15.1734
1.2953,-15.2282
1.3003,-15.283
1.3053,-15.3925
1.3103,-15.4473
1.3153,-15.5021
1.3203,-15.5569
1.3253,-15.6664
1.3303,-15.7212
1.3353,-15.776
1.3403,-15.8307
1.3453,-15.9403
1.3503,-15.9951
1.3553,-16.0499
1.3603,-16.1046
1.3653,-16.1594
1.3703,-16.269000000000002
1.3753,-16.3237
1.3803,-16.3785
1.3853,-16.4333
1.3903,-16.5429
1.3953,-16.5976
1.4003,-16.6524
1.4053,-16.7072
1.4103,-16.8167
1.4153,-16.8715
1.4203,-16.9263
1.4253,-16.9811
1.4303,-17.0359
1.4353,-17.1454
1.4403,-17.2002
1.4453,-17.255
1.4503,-17.3097
1.4553,-17.4193
1.4603,-17.4741
1.4653,-17.5289
1.4703,-17.5836
1.4753,-17.6932
1.4803,-17.748
1.4853,-17.8027
1.4903,-17.8575
1.4953,-17.9123
1.5003,-18.0219
1.5053,-18.0766
1.5103,-18.1314
1.5153,-18.1862
1.5203,-18.2957
1.5253,-18.3505
1.5303,-18.4053
1.5353,-18.4601
1.5403,-18.5149
1.5453,-18.6244
1.5504,-18.6792
1.5554,-18.734
1.5604,-18.7887
1.5654,-18.8983
1.5704,-18.9531
1.5754,-19.0079
1.5804,-19.0626
1.5854,-19.1722
1.5904,-19.227
1.5954,-19.2817
1.6004,-19.3365
1.6054,-19.3913
1.6104,-19.5009
1.6154,-19.5556
1.6204,-19.6104
1.6254,-19.6652
1.6304,-19.7747
1.6354,-19.8295
1.6404,-19.8843
1.6454,-19.9391
1.6504,-19.9939
1.6554,-20.1034
1.6604,-20.1582
1.6654,-20.213
1.6704,-20.2677
1.6754,-20.3773
1.6804,-20.4321
1.6854,-20.4869
1.6904,-20.5416
1.6954,-20.5964
1.7004,-20.706
1.7054,-20.7607
1.7104,-20.8155
1.7154,-20.8703
1.7204,-20.9799
1.7254,-21.0346
1.7304,-21.0894
1.7354,-21.1442
1.7404,-21.2537
1.7454,-21.3085
1.7504,-21.3633
1.7554,-21.4181
1.7604,-21.4729
1.7654,-21.5824
1.7704,-21.6372
1.7754,-21.691999999999997
1.7804,-21.7467
1.7854,-21.8563
1.7904,-21.9111
1.7954,-21.9659
1.8004,-22.0206
1.8054,-22.0754
1.8104,-22.185
1.8154,-22.2397
1.8204,-22.2945
1.8254,-22.3493
1.8304,-22.4588
1.8354,-22.5136
1.8404,-22.5684
1.8454,-22.6232
1.8504,-22.678
1.8554,-22.7875
1.8604,-22.8423
1.8654,-22.8971
1.8704,-22.9518
1.8754,-23.0614
1.8804,-23.1162
1.8854,-23.171
1.8904,-23.2257
1.8954,-23.2805
1.9004,-23.3901
1.9054,-23.4448
1.9104,-23.4996
1.9154,-23.5544
1.9204,-23.664
1.9254,-23.7187
1.9304,-23.7735
1.9354,-23.8283
1.9404,-23.8831
1.9454,-23.9926
1.9504,-24.0474
1.9554,-24.1022
1.9604,-24.156999999999996
1.9654,-24.2665
1.9704,-24.3213
1.9754,-24.3761
1.9804,-24.4308
1.9854,-24.5404
1.9904,-24.5952
1.9954,-24.65
2.0004,-24.7047
2.0054,-24.7595
2.0104,-24.8691
2.0154,-24.9238
2.0204,-24.9786
2.0254,-25.0334
2.0305,-25.143
2.0355,-25.1977
2.0405,-25.2525
2.0455,-25.3073
2.0505,-25.4168
2.0555,-25.4716
2.0605,-25.5264
2.0655,-25.5812
2.0705,-25.636
2.0755,-25.7455
2.0805,-25.8003
2.0855,-25.8551
2.0905,-25.9098
2.0955,-26.0194
2.1005,-26.0742
2.1055,-26.129
2.1105,-26.1837
2.1155,-26.2933
2.1205,-26.3481
2.1255,-26.4028
2.1305,-26.4576
2.1355,-26.5124
2.1405,-26.622
2.1455,-26.6767
2.1505,-26.7315
2.1555,-26.7863
2.1605,-26.8958
2.1655,-26.9506
2.1705,-27.0054
2.1755,-27.0602
2.1805,-27.1697
2.1855,-27.2245
2.1905,-27.2793
2.1955,-27.3341
2.2005,-27.3888
2.2055,-27.4984
2.2105,-27.5532
2.2155,-27.608
2.2205,-27.6627
2.2255,-27.7723
2.2305,-27.8271
2.2355,-27.8818
2.2405,-27.9366
2.2455,-27.9914
2.2505,-28.1009
2.2555,-28.1557
2.2605,-28.2105
2.2655,-28.2653
2.2705,-28.3748
2.2755,-28.4296
2.2805,-28.4844
2.2855,-28.5392
2.2905,-28.6487
2.2955,-28.7035
2.3005,-28.7583
2.3055,-28.8131
2.3105,-28.8678
2.3155,-28.9774
2.3205,-29.0322
2.3255,-29.0869
2.3305,-29.1417
2.3355,-29.2513
2.3405,-29.3061
2.3455,-29.3608
2.3505,-29.4156
2.3555,-29.4704
2.3605,-29.5799
2.3655,-29.6347
2.3705,-29.6895
2.3755,-29.7443
2.3805,-29.8538
2.3855,-29.9086
2.3905,-29.9634
2.3955,-30.0182
2.4005,-30.0729
2.4055,-30.1825
2.4105,-30.2373
2.4155,-30.2921
2.4205,-30.3468
2.4255,-30.4564
2.4305,-30.5112
2.4355,-30.5659
2.4405,-30.6207
2.4455,-30.7303
2.4505,-30.7851
2.4555,-30.8398
2.4605,-30.8946
2.4655,-30.9494
2.4705,-31.0589
2.4755,-31.1137
2.4805,-31.1685
2.4855,-31.2233
2.4905,-31.3328
2.4955,-31.3876
2.5005,-31.4424
2.5055,-31.4972
2.5105,-31.5519
2.5155,-31.6615
2.5205,-31.7163
2.5255,-31.7711
2.5305,-31.8258
2.5355,-31.9354
2.5406,-31.9902
2.5456,-32.0449
2.5506,-32.0997
2.5556,-32.2093
2.5606,-32.2641
2.5656,-32.3188
2.5706,-32.3736
2.5756,-32.4284
2.5806,-32.5379
2.5856,-32.5927
2.5906,-32.6475
2.5956,-32.7023
2.6006,-32.8118
2.6056,-32.8666
2.6106,-32.9214
2.6156,-32.9762
2.6206,-33.0857
2.6256,-33.1405
2.6306,-33.1953
2.6356,-33.2501
2.6406,-33.3048
2.6456,-33.4144
2.6506,-33.4692
2.6556,-33.5239
2.6606,-33.5787
2.6656,-33.6883
2.6706,-33.7431
2.6756,-33.7978
2.6806,-33.8526
2.6856,-33.9074
2.6906,-34.0169
2.6956,-34.0717
2.7006,-34.1265
2.7056,-34.1813
2.7106,-34.2908
2.7156,-34.3456
2.7206,-34.4004
2.7256,-34.4552
2.7306,-34.5647
2.7356,-34.6195
2.7406,-34.6743
2.7456,-34.729
2.7506,-34.7838
2.7556,-34.8934
2.7606,-34.9482
2.7656,-35.0029
2.7706,-35.0577
2.7756,-35.1673
2.7806,-35.222
2.7856,-35.2768
2.7906,-35.3316
2.7956,-35.3864
2.8006,-35.4959
2.8056,-35.5507
2.8106,-35.6055
2.8156,-35.6603
2.8206,-35.7698
2.8256,-35.8246
2.8306,-35.8794
2.8356,-35.9342
2.8406,-36.0437
2.8456,-36.0985
2.8506,-36.1533
2.8556,-36.208
2.8606,-36.2628
2.8656,-36.3724
2.8706,-36.4272
2.8756,-36.4819
2.8806,-36.5367
2.8856,-36.6463
2.8906,-36.701
2.8956,-36.7558
2.9006,-36.8106
2.9056,-36.9202
2.9106,-36.9749
2.9156,-37.0297
2.9206,-37.0845
2.9256,-37.1393
2.9306,-37.2488
2.9356,-37.3036
2.9407,-37.3584
2.9457,-37.4132
2.9507,-37.5227
2.9557,-37.5775
2.9607,-37.6323
2.9657,-37.687
2.9707,-37.7418
2.9757,-37.8514
2.9807,-37.9062
2.9857,-37.9609
2.9907,-38.0157
2.9957,-38.1253
3.0007,-38.18
3.0057,-38.2348
3.0107,-38.2896
3.0157,-38.3992
3.0207,-38.4539
3.0257,-38.5087
3.0307,-38.5635
3.0357,-38.6183
3.0407,-38.7278
3.0457,-38.7826
3.0507,-38.8374
3.0557,-38.8922
3.0607,-39.0017
3.0657,-39.0565
3.0707,-39.1113
3.0757,-39.166
3.0807,-39.2756
3.0857,-39.3304
3.0907,-39.3852
3.0957,-39.4399
3.1007,-39.4947
3.1057,-39.6043
3.1107,-39.659
3.1157,-39.7138
3.1207,-39.7686
3.1257,-39.8782
3.1307,-39.9329
3.1357,-39.9877
3.1407,-40.0425
3.1457,-40.0973
3.1507,-40.2068
3.1557,-40.2616
3.1607,-40.3164
3.1657,-40.3712
3.1707,-40.4807
3.1757,-40.5355
3.1807,-40.5903
3.1857,-40.645
3.1907,-40.7546
3.1957,-40.8094
3.2007,-40.8642
3.2057,-40.9189
3.2107,-40.9737
3.2157,-41.0833
3.2207,-41.138000000000005
3.2257,-41.1928
3.2307,-41.2476
3.2357,-41.3572
3.2407,-41.4119
3.2457,-41.4667
3.2507,-41.5215
3.2557,-41.631
3.2607,-41.6858
3.2657,-41.7406
3.2707,-41.7954
3.2757,-41.8502
3.2807,-41.9597
3.2857,-42.0145
3.2907,-42.0693
3.2957,-42.123999999999995
3.3007,-42.2336
3.3057,-42.2884
3.3107,-42.3432
3.3157,-42.3979
3.3207,-42.5075
3.3257,-42.5623
3.3307,-42.617
3.3357,-42.6718
3.3407,-42.7266
3.3457,-42.8361
3.3507,-42.8909
3.3557,-42.9457
3.3607,-43.0005
3.3657,-43.11
3.3708,-43.1648
3.3758,-43.2196
3.3808,-43.2744
3.3858,-43.3291
3.3908,-43.4387
3.3958,-43.4935
3.4008,-43.5483
3.4058,-43.603
3.4108,-43.7126
3.4158,-43.7674
3.4208,-43.8221
3.4258,-43.8769
3.4308,-43.9865
3.4358,-44.0413
3.4408,-44.096000000000004
3.4458,-44.1508
3.4508,-44.2056
3.4558,-44.3151
3.4608,-44.3699
3.4658,-44.4247
3.4708,-44.4795
3.4758,-44.589
3.4808,-44.6438
3.4858,-44.6986
3.4908,-44.7534
3.4958,-44.8629
3.5008,-44.9177
3.5058,-44.9725
3.5108,-45.0273
3.5158,-45.082
3.5208,-45.1916
3.5258,-45.2464
3.5308,-45.3011
3.5358,-45.3559
3.5408,-45.4655
3.5458,-45.5203
3.5508,-45.575
3.5558,-45.6298
3.5608,-45.7394
3.5658,-45.7941
3.5708,-45.8489
3.5758,-45.9037
3.5808,-45.9585
3.5858,-46.068000000000005
3.5908,-46.1228
3.5958,-46.1776
3.6008,-46.2324
3.6058,-46.3419
3.6108,-46.3967
3.6158,-46.4515
3.6208,-46.5063
3.6258,-46.6158
3.6308,-46.6706
3.6358,-46.7254
3.6408,-46.7801
3.6458,-46.8349
3.6508,-46.9445
3.6558,-46.9993
3.6608,-47.053999999999995
3.6658,-47.1088
3.6708,-47.2184
3.6758,-47.2731
3.6808,-47.3279
3.6858,-47.3827
3.6908,-47.4922
3.6958,-47.547
3.7008,-47.6018
3.7058,-47.6566
3.7108,-47.7114
3.7158,-47.8209
3.7208,-47.8757
3.7258,-47.9305
3.7308,-47.9852
3.7358,-48.0948
3.7408,-48.1496
3.7458,-48.2044
3.7508,-48.2591
3.7558,-48.3139
3.7608,-48.4235
3.7658,-48.4782
3.7708,-48.533
3.7758,-48.5878
3.7808,-48.6974
3.7858,-48.7521
3.7908,-48.8069
3.7959,-48.8617
3.8009,-48.9712
3.8059,-49.026
3.8109,-49.0808
3.8159,-49.1356
3.8209,-49.1904
3.8259,-49.2999
3.8309,-49.3547
3.8359,-49.4095
3.8409,-49.4642
3.8459,-49.5738
3.8509,-49.6286
3.8559,-49.6834
3.8609,-49.7381
3.8659,-49.7929
3.8709,-49.9025
3.8759,-49.9572
3.8809,-50.012
3.8859,-50.0668
3.8909,-50.1764
3.8959,-50.2311
3.9009,-50.2859
3.9059,-50.3407
3.9109,-50.4502
3.9159,-50.505
3.9209,-50.5598
3.9259,-50.6146
3.9309,-50.6694
3.9359,-50.7789
3.9409,-50.8337
3.9459,-50.8885
3.9509,-50.9432
3.9559,-51.0528
3.9609,-51.1076
3.9659,-51.1624
3.9709,-51.2171
3.9759,-51.2719
3.9809,-51.3815
3.9859,-51.4362
3.9909,-51.49100000000001
3.9959,-51.5458
4.0009,-51.6554
4.0059,-51.7101
4.0109,-51.7649
4.0159,-51.8197
4.0209,-51.9292
4.0259,-51.983999999999995
4.0309,-52.0388
4.0359,-52.0936
4.0409,-52.1484
4.0459,-52.2579
4.0509,-52.3127
4.0559,-52.3675
4.0609,-52.4222
4.0659,-52.5318
4.0709,-52.5866
4.0759,-52.6414
4.0809,-52.6961
4.0859,-52.8057
4.0909,-52.8605
4.0959,-52.9152
4.1009,-52.97
4.1059,-53.0248
4.1109,-53.1344
4.1159,-53.1891
4.1209,-53.2439
4.1259,-53.2987
4.1309,-53.4082
4.1359,-53.463
4.1409,-53.5178
4.1459,-53.5726
4.1509,-53.6821
4.1559,-53.7369
4.1609,-53.7917
4.1659,-53.8465
4.1709,-53.956
4.1759,-54.0108
4.1809,-54.0656
4.1859,-54.1203
4.1909,-54.1751
4.1959,-54.2847
4.2009,-54.3395
4.2059,-54.3942
4.2109,-54.449
4.2159,-54.5586
4.2209,-54.6133
4.2259,-54.6681
4.2309,-54.7229
4.2359,-54.8325
4.2409,-54.8872
4.2459,-54.942
4.2509,-54.9968
4.2559,-55.0516
4.2609,-55.1611
4.2659,-55.2159
4.2709,-55.2707
4.2759,-55.3255
4.2809,-55.435
4.2859,-55.4898
4.2909,-55.5446
4.2959,-55.5993
4.3009,-55.7089
4.3059,-55.7637
4.3109,-55.8185
4.3159,-55.8732
4.3209,-55.928000000000004
4.3259,-56.0376
4.3309,-56.0923
4.3359,-56.1471
4.341,-56.2019
4.346,-56.3115
4.351,-56.3662
4.356,-56.42100000000001
4.361,-56.4758
4.366,-56.5853
4.371,-56.6401
4.376,-56.6949
4.381,-56.7497
4.386,-56.8045
4.391,-56.913999999999994
4.396,-56.9688
4.401,-57.0236
4.406,-57.0783
4.411,-57.1879
4.416,-57.2427
4.421,-57.2975
4.426,-57.3522
4.431,-57.4618
4.436,-57.5166
4.441,-57.5713
4.446,-57.6261
4.451,-57.6809
4.456,-57.7905
4.461,-57.8452
4.466,-57.9
4.471,-57.9548
4.476,-58.0643
4.481,-58.1191
4.486,-58.1739
4.491,-58.2287
4.496,-58.3382
4.501,-58.393
4.506,-58.4478
4.511,-58.5026
4.516,-58.6121
4.521,-58.6669
4.526,-58.7217
4.531,-58.7765
4.536,-58.8312
4.541,-58.9408
4.546,-58.9956
4.551,-59.0503
4.556,-59.1051
4.561,-59.2147
4.566,-59.2695
4.571,-59.3242
4.576,-59.379
4.581,-59.4886
4.586,-59.5433
4.591,-59.5981
4.596,-59.6529
4.601,-59.7077
4.606,-59.8172
4.611,-59.872
4.616,-59.9268
4.621,-59.9816
4.626,-60.0911
4.631,-60.1459
4.636,-60.2007
4.641,-60.2555
4.646,-60.3102
4.651,-60.4198
4.656,-60.4746
4.661,-60.5293
4.666,-60.5841
4.671,-60.6937
4.676,-60.7485
4.681,-60.8032
4.686,-60.858000000000004
4.691,-60.9676
4.6961,-61.0223
4.7011,-61.0771
4.7061,-61.1319
4.7111,-61.1867
4.7161,-61.2962
4.7211,-61.351000000000006
4.7261,-61.4058
4.7311,-61.4606
4.7361,-61.5701
4.7411,-61.6249
4.7461,-61.6797
4.7511,-61.7344
4.7561,-61.843999999999994
4.7611,-61.8988
4.7661,-61.9536
4.7711,-62.0083
4.7761,-62.0631
4.7811,-62.1727
4.7861,-62.2274
4.7911,-62.2822
4.7961,-62.336999999999996
4.8011,-62.4466
4.8061,-62.5013
4.8111,-62.5561
4.8161,-62.6109
4.8211,-62.7204
4.8261,-62.7752
4.8311,-62.83
4.8361,-62.8848
4.8411,-62.9396
4.8461,-63.0491
4.8511,-63.1039
4.8561,-63.1587
4.8611,-63.2134
4.8661,-63.323
4.8711,-63.3778
4.8761,-63.4326
4.8811,-63.4873
4.8861,-63.5969
4.8911,-63.6517
4.8961,-63.7064
4.9011,-63.7612
4.9061,-63.816
4.9111,-63.9256
4.9161,-63.9803
4.9211,-64.0351
4.9261,-64.0899
4.9311,-64.1995
4.9361,-64.2542
4.9411,-64.309
4.9461,-64.3638
4.9511,-64.4733
4.9561,-64.5281
4.9611,-64.5829
4.9661,-64.6377
4.9711,-64.6924
4.9761,-64.80199999999999
4.9811,-64.8568
4.9861,-64.9116
4.9911,-64.9663
4.9961,-65.0759
5.0011,-65.1307
5.0061,-65.1854
5.0111,-65.2402
5.0161,-65.3498
5.0211,-65.4046
5.0261,-65.4593
5.0311,-65.5141
5.0361,-65.5689
5.0411,-65.6784
5.0461,-65.7332
5.0511,-65.788
5.0561,-65.8428
5.0611,-65.9523
5.0661,-66.0071
5.0711,-66.0619
5.0761,-66.1167
5.0811,-66.2262
5.0861,-66.281
5.0911,-66.3358
5.0961,-66.3906
5.1011,-66.4453
5.1061,-66.5549
5.1111,-66.6097
5.1161,-66.6644
5.1211,-66.7192
5.1261,-66.8288
5.1311,-66.8836
5.1361,-66.9383
5.1411,-66.9931
5.1461,-67.1027
5.1511,-67.1574
5.1561,-67.2122
5.1611,-67.267
5.1661,-67.3218
5.1711,-67.4313
5.1761,-67.4861
5.1811,-67.5409
5.1861,-67.5957
5.1911,-67.7052
5.1961,-67.76
5.2011,-67.8148
5.2061,-67.8695
5.2111,-67.9791
5.2161,-68.0339
5.2211,-68.0887
5.2261,-68.1434
5.2312,-68.1982
5.2362,-68.3078
5.2412,-68.3626
5.2462,-68.4173
5.2512,-68.4721
5.2562,-68.5817
5.2612,-68.6364
5.2662,-68.6912
5.2712,-68.74600000000001
5.2762,-68.8555
5.2812,-68.9103
5.2862,-68.9651
5.2912,-69.0199
5.2962,-69.0747
5.3012,-69.1842
5.3062,-69.23899999999999
5.3112,-69.2938
5.3162,-69.3485
5.3212,-69.4581
5.3262,-69.5129
5.3312,-69.5677
5.3362,-69.6224
5.3412,-69.732
5.3462,-69.7868
5.3512,-69.8415
5.3562,-69.8963
5.3612,-70.0059
5.3662,-70.0607
5.3712,-70.1154
5.3762,-70.1702
5.3812,-70.225
5.3862,-70.3346
5.3912,-70.3893
5.3962,-70.4441
5.4012,-70.4989
5.4062,-70.6084
5.4112,-70.6632
5.4162,-70.718
5.4212,-70.7728
5.4262,-70.8823
5.4312,-70.9371
5.4362,-70.9919
5.4412,-71.0467
5.4462,-71.1014
5.4512,-71.211
5.4562,-71.2658
5.4612,-71.3205
5.4662,-71.3753
5.4712,-71.4849
5.4762,-71.5397
5.4812,-71.5944
5.4862,-71.6492
5.4912,-71.7588
5.4962,-71.8135
5.5012,-71.8683
5.5062,-71.9231
5.5112,-72.0327
5.5162,-72.0874
5.5212,-72.1422
5.5262,-72.197
5.5312,-72.2518
5.5362,-72.3613
5.5412,-72.4161
5.5462,-72.4709
5.5512,-72.5257
5.5562,-72.6352
5.5612,-72.69
5.5662,-72.7448
5.5712,-72.7995
5.5762,-72.9091
5.5812,-72.9639
5.5862,-73.0187
5.5912,-73.0734
5.5962,-73.183
5.6012,-73.2378
5.6062,-73.2925
5.6112,-73.3473
5.6162,-73.4021
5.6212,-73.5117
5.6262,-73.5664
5.6312,-73.6212
5.6362,-73.676
5.6413,-73.7855
5.6463,-73.8403
5.6513,-73.8951
5.6563,-73.9499
5.6613,-74.0594
5.6663,-74.1142
5.6713,-74.169
5.6763,-74.2238
5.6813,-74.2785
5.6863,-74.3881
5.6913,-74.4429
5.6963,-74.4977
5.7013,-74.5524
5.7063,-74.66199999999999
5.7113,-74.7168
5.7163,-74.7715
5.7213,-74.8263
5.7263,-74.9359
5.7313,-74.9906
5.7363,-75.0454
5.7413,-75.1002
5.7463,-75.2098
5.7513,-75.2645
5.7563,-75.3193
5.7613,-75.3741
5.7663,-75.4289
5.7713,-75.5384
5.7763,-75.5932
5.7813,-75.648
5.7863,-75.7028
5.7913,-75.8123
5.7963,-75.8671
5.8013,-75.9219
5.8063,-75.9766
5.8113,-76.0862
5.8163,-76.141
5.8213,-76.1958
5.8263,-76.2505
5.8313,-76.3601
5.8363,-76.4149
5.8413,-76.4697
5.8463,-76.5244
5.8513,-76.5792
5.8563,-76.6888
5.8613,-76.7435
5.8663,-76.7983
5.8713,-76.8531
5.8763,-76.9626
5.8813,-77.0174
5.8863,-77.0722
5.8913,-77.127
5.8963,-77.2365
5.9013,-77.2913
5.9063,-77.3461
5.9113,-77.4009
5.9163,-77.4556
5.9213,-77.5652
5.9263,-77.62
5.9313,-77.6748
5.9363,-77.7295
5.9413,-77.8391
5.9463,-77.8939
5.9513,-77.9486
5.9563,-78.0034
5.9613,-78.113
5.9663,-78.1678
5.9713,-78.2225
5.9763,-78.2773
5.9813,-78.3869
5.9863,-78.4416
5.9913,-78.4964
5.9963,-78.5512
6.0013,-78.60600000000001
6.0063,-78.7155
6.0113,-78.7703
6.0163,-78.8251
6.0213,-78.8799
6.0263,-78.9894
6.0313,-79.0442
6.0363,-79.09899999999999
6.0413,-79.1538
6.0463,-79.2633
6.0513,-79.3181
6.0563,-79.3729
6.0613,-79.4276
6.0663,-79.5372
6.0713,-79.592
6.0763,-79.6468
6.0813,-79.7015
6.0863,-79.7563
6.0914,-79.8659
6.0964,-79.9206
6.1014,-79.9754
6.1064,-80.0302
6.1114,-80.1398
6.1164,-80.1945
6.1214,-80.2493
6.1264,-80.3041
6.1314,-80.4136
6.1364,-80.4684
6.1414,-80.5232
6.1464,-80.578
6.1514,-80.6328
6.1564,-80.7423
6.1614,-80.7971
6.1664,-80.8519
6.1714,-80.9066
6.1764,-81.0162
6.1814,-81.071
6.1864,-81.1258
6.1914,-81.1805
6.1964,-81.2901
6.2014,-81.3449
6.2064,-81.3996
6.2114,-81.4544
6.2164,-81.5092
6.2214,-81.6187
6.2264,-81.6735
6.2314,-81.7283
6.2364,-81.7831
6.2414,-81.8926
6.2464,-81.9474
6.2514,-82.0022
6.2564,-82.057
6.2614,-82.1665
6.2664,-82.2213
6.2714,-82.2761
6.2764,-82.3309
6.2814,-82.3856
6.2864,-82.4952
6.2914,-82.55
6.2964,-82.6047
6.3014,-82.6595
6.3064,-82.7691
6.3114,-82.8239
6.3164,-82.8786
6.3214,-82.9334
6.3264,-83.04299999999999
6.3314,-83.0978
6.3364,-83.1525
6.3414,-83.2073
6.3464,-83.3169
6.3514,-83.3716
6.3564,-83.4264
6.3614,-83.4812
6.3664,-83.536
6.3714,-83.6455
6.3764,-83.7003
6.3814,-83.7551
6.3864,-83.8099
6.3914,-83.9194
6.3964,-83.9742
6.4014,-84.029
6.4064,-84.0837
6.4114,-84.1933
6.4164,-84.2481
6.4214,-84.3029
6.4264,-84.3576
6.4314,-84.4124
6.4364,-84.522
6.4414,-84.5767
6.4464,-84.6315
6.4514,-84.6863
6.4564,-84.7959
6.4614,-84.8506
6.4664,-84.9054
6.4714,-84.9602
6.4764,-85.0697
6.4814,-85.1245
6.4864,-85.1793
6.4914,-85.2341
6.4964,-85.2889
6.5014,-85.3984
6.5064,-85.4532
6.5114,-85.508
6.5164,-85.5627
6.5214,-85.6723
6.5264,-85.7271
6.5314,-85.7819
6.5364,-85.8366
6.5414,-85.9462
6.5464,-86.001
6.5514,-86.0557
6.5564,-86.1105
6.5614,-86.1653
6.5664,-86.2749
6.5714,-86.3296
6.5764,-86.3844
6.5814,-86.4392
6.5864,-86.5487
6.5914,-86.6035
6.5964,-86.6583
6.6014,-86.7131
6.6064,-86.8226
6.6114,-86.8774
6.6164,-86.9322
6.6214,-86.98700000000001
6.6264,-87.0417
6.6314,-87.1513
6.6364,-87.2061
6.6414,-87.2609
6.6464,-87.3156
6.6514,-87.4252
6.6564,-87.48
6.6615,-87.5347
6.6665,-87.5895
6.6715,-87.6991
6.6765,-87.7538
6.6815,-87.8086
6.6865,-87.8634
6.6915,-87.9182
6.6965,-88.0277
6.7015,-88.0825
6.7065,-88.1373
6.7115,-88.1921
6.7165,-88.3016
6.7215,-88.3564
6.7265,-88.4112
6.7315,-88.46600000000001
6.7365,-88.5755
6.7415,-88.6303
6.7465,-88.6851
6.7515,-88.7398
6.7565,-88.7946
6.7615,-88.9042
6.7665,-88.959
6.7715,-89.0137
6.7765,-89.0685
6.7815,-89.1781
6.7865,-89.2328
6.7915,-89.2876
6.7965,-89.3424
6.8015,-89.3972
6.8065,-89.5067
6.8115,-89.5615
6.8165,-89.6163
6.8215,-89.6711
6.8265,-89.7806
6.8315,-89.8354
6.8365,-89.8902
6.8415,-89.945
6.8465,-90.0545
6.8515,-90.1093
6.8565,-90.1641
6.8615,-90.2188
6.8665,-90.2736
6.8715,-90.3832
6.8765,-90.43799999999999
6.8815,-90.4927
6.8865,-90.5475
6.8915,-90.6571
6.8965,-90.7118
6.9015,-90.7666
6.9065,-90.8214
6.9115,-90.8762
6.9165,-90.9857
6.9215,-91.0405
6.9265,-91.0953
6.9315,-91.1501
6.9365,-91.2596
6.9415,-91.3144
6.9465,-91.3692
6.9515,-91.42399999999999
6.9565,-91.5335
6.9615,-91.5883
6.9665,-91.6431
6.9715,-91.6978
6.9765,-91.7526
6.9815,-91.8622
6.9865,-91.917
6.9915,-91.9717
6.9965,-92.0265
7.0015,-92.1361
7.0065,-92.1908
7.0116,-92.2456
7.0166,-92.3004
7.0216,-92.3552
7.0266,-92.4647
7.0316,-92.5195
7.0366,-92.5743
7.0416,-92.6291
7.0466,-92.7386
7.0516,-92.7934
7.0566,-92.8482
7.0616,-92.9029
7.0666,-93.0125
7.0716,-93.0673
7.0766,-93.1221
7.0816,-93.1768
7.0866,-93.2316
7.0916,-93.3412
7.0966,-93.396
7.1016,-93.4507
7.1066,-93.5055
7.1116,-93.6151
7.1166,-93.6698
7.1216,-93.7246
7.1266,-93.7794
7.1316,-93.8342
7.1366,-93.9437
7.1416,-93.9985
7.1466,-94.0533
7.1516,-94.1081
7.1566,-94.2176
7.1616,-94.2724
7.1666,-94.3272
7.1716,-94.3819
7.1766,-94.4915
7.1816,-94.5463
7.1866,-94.6011
7.1916,-94.6558
7.1966,-94.7106
7.2016,-94.8202
7.2066,-94.875
7.2116,-94.9297
7.2166,-94.9845
7.2216,-95.0941
7.2266,-95.1488
7.2316,-95.2036
7.2366,-95.2584
7.2416,-95.3679
7.2466,-95.4227
7.2516,-95.4775
7.2566,-95.5323
7.2616,-95.5871
7.2666,-95.6966
7.2716,-95.7514
7.2766,-95.8062
7.2816,-95.8609
7.2866,-95.9705
7.2916,-96.0253
7.2966,-96.0801
7.3016,-96.1348
7.3066,-96.1896
7.3116,-96.2992
7.3166,-96.3539
7.3216,-96.4087
7.3266,-96.4635
7.3316,-96.5731
7.3366,-96.6278
7.3416,-96.6826
7.3466,-96.7374
7.3516,-96.84700000000001
7.3566,-96.9017
7.3616,-96.9565
7.3666,-97.0113
7.3716,-97.0661
7.3766,-97.1756
7.3816,-97.2304
7.3866,-97.2852
7.3916,-97.3399
7.3966,-97.4495
7.4016,-97.5043
7.4066,-97.5591
7.4116,-97.6138
7.4166,-97.6686
7.4216,-97.7782
7.4266,-97.8329
7.4316,-97.8877
7.4366,-97.9425
7.4416,-98.0521
7.4466,-98.1068
7.4516,-98.1616
7.4566,-98.2164
7.4616,-98.3259
7.4666,-98.3807
7.4716,-98.4355
7.4766,-98.4903
7.4816,-98.5451
7.4866,-98.6546
7.4916,-98.7094
7.4966,-98.7642
7.5016,-98.8189
7.5066,-98.9285
7.5116,-98.9833
7.5166,-99.0381
7.5216,-99.0928
7.5266,-99.1476
7.5316,-99.2572
7.5366,-99.3119
7.5417,-99.3667
7.5467,-99.4215
7.5517,-99.5311
7.5567,-99.5858
7.5617,-99.6406
7.5667,-99.6954
7.5717,-99.8049
7.5767,-99.8597
7.5817,-99.9145
7.5867,-99.9693
7.5917,-100.0241
7.5967,-100.1336
7.6017,-100.1884
7.6067,-100.2432
7.6117,-100.2979
7.6167,-100.4075
7.6217,-100.4623
7.6267,-100.51700000000001
7.6317,-100.5718
7.6367,-100.6266
7.6417,-100.7362
7.6467,-100.7909
7.6517,-100.8457
7.6567,-100.9005
7.6617,-101.0101
7.6667,-101.0648
7.6717,-101.1196
7.6767,-101.1744
7.6817,-101.2839
7.6867,-101.3387
7.6917,-101.3935
7.6967,-101.4483
7.7017,-101.50299999999999
7.7067,-101.6126
7.7117,-101.6674
7.7167,-101.7222
7.7217,-101.7769
7.7267,-101.8865
7.7317,-101.9413
7.7367,-101.9961
7.7417,-102.0508
7.7467,-102.1604
7.7517,-102.2152
7.7567,-102.2699
7.7617,-102.3247
7.7667,-102.3795
7.7717,-102.48899999999999
7.7767,-102.5438
7.7817,-102.5986
7.7867,-102.6534
7.7917,-102.7629
7.7967,-102.8177
7.8017,-102.8725
